"","expr","time","lang"
"1","mat_mult(200)",0.010914283,"R"
"2","fib(20)",0.025775621,"R"
"3","fib(20)",0.02651022,"R"
"4","mat_mult(200)",0.01042123,"R"
"5","rand_mat_stat(1000)",0.186304821,"R"
"6","mat_mult(200)",0.010599848,"R"
"7","rand_mat_stat(1000)",0.178223043,"R"
"8","mat_mult(200)",0.010440364,"R"
"9","array_construct(200)",0.000590381,"R"
"10","array_construct(200)",0.000580275,"R"
"11","array_construct(200)",0.000574166,"R"
"12","mat_mult(200)",0.010891812,"R"
"13","mat_mult(200)",0.010667235,"R"
"14","fib(20)",0.027591166,"R"
"15","inner(x, y)",0.14015385,"R"
"16","rand_mat_stat(1000)",0.177082842,"R"
"17","rand_mat_stat(1000)",0.183491101,"R"
"18","mat_mult(200)",0.01043052,"R"
"19","inner(x, y)",0.141881281,"R"
"20","array_construct(200)",0.00053398,"R"
"21","inner(x, y)",0.140137635,"R"
"22","rand_mat_stat(1000)",0.181637189,"R"
"23","fib(20)",0.024355601,"R"
"24","fib(20)",0.026444019,"R"
"25","inner(x, y)",0.139148689,"R"
"26","mat_mult(200)",0.010419683,"R"
"27","rand_mat_stat(1000)",0.181473488,"R"
"28","rand_mat_stat(1000)",0.178273019,"R"
"29","mat_mult(200)",0.010429511,"R"
"30","mat_mult(200)",0.010466216,"R"
"31","array_construct(200)",0.000530287,"R"
"32","rand_mat_stat(1000)",0.18228542,"R"
"33","inner(x, y)",0.13965159,"R"
"34","array_construct(200)",0.000533031,"R"
"35","fib(20)",0.029970682,"R"
"36","rand_mat_stat(1000)",0.178541472,"R"
"37","inner(x, y)",0.139328121,"R"
"38","rand_mat_stat(1000)",0.183132782,"R"
"39","array_construct(200)",0.000519481,"R"
"40","mat_mult(200)",0.0104063,"R"
"41","mat_mult(200)",0.01024614,"R"
"42","mat_mult(200)",0.010386526,"R"
"43","array_construct(200)",0.000526901,"R"
"44","array_construct(200)",0.000517496,"R"
"45","fib(20)",0.027713614,"R"
"46","inner(x, y)",0.139454023,"R"
"47","fib(20)",0.023997651,"R"
"48","mat_mult(200)",0.010725836,"R"
"49","rand_mat_stat(1000)",0.180465724,"R"
"50","array_construct(200)",0.000518797,"R"
"51","rand_mat_stat(1000)",0.178367844,"R"
"52","fib(20)",0.028613036,"R"
"53","inner(x, y)",0.139666174,"R"
"54","fib(20)",0.026044437,"R"
"55","fib(20)",0.026014282,"R"
"56","inner(x, y)",0.139254197,"R"
"57","mat_mult(200)",0.01027985,"R"
"58","rand_mat_stat(1000)",0.178761218,"R"
"59","mat_mult(200)",0.010432168,"R"
"60","inner(x, y)",0.141096088,"R"
"61","rand_mat_stat(1000)",0.182606467,"R"
"62","mat_mult(200)",0.010363462,"R"
"63","rand_mat_stat(1000)",0.183233859,"R"
"64","array_construct(200)",0.000518946,"R"
"65","mat_mult(200)",0.010372465,"R"
"66","rand_mat_stat(1000)",0.178368209,"R"
"67","array_construct(200)",0.000518905,"R"
"68","fib(20)",0.02817404,"R"
"69","mat_mult(200)",0.010860599,"R"
"70","fib(20)",0.026277714,"R"
"71","inner(x, y)",0.139429413,"R"
"72","inner(x, y)",0.138790572,"R"
"73","rand_mat_stat(1000)",0.177707868,"R"
"74","rand_mat_stat(1000)",0.239424121,"R"
"75","inner(x, y)",0.139878168,"R"
"76","mat_mult(200)",0.010303366,"R"
"77","inner(x, y)",0.138723377,"R"
"78","array_construct(200)",0.000549874,"R"
"79","mat_mult(200)",0.01042789,"R"
"80","mat_mult(200)",0.010225936,"R"
"81","rand_mat_stat(1000)",0.177225385,"R"
"82","rand_mat_stat(1000)",0.182711462,"R"
"83","inner(x, y)",0.13927353,"R"
"84","mat_mult(200)",0.010292434,"R"
"85","fib(20)",0.027045417,"R"
"86","mat_mult(200)",0.010809474,"R"
"87","inner(x, y)",0.139083531,"R"
"88","inner(x, y)",0.139460109,"R"
"89","rand_mat_stat(1000)",0.176977501,"R"
"90","inner(x, y)",0.13991678,"R"
"91","fib(20)",0.027783785,"R"
"92","array_construct(200)",0.00095659,"R"
"93","rand_mat_stat(1000)",0.180974924,"R"
"94","rand_mat_stat(1000)",0.17834044,"R"
"95","fib(20)",0.027798555,"R"
"96","inner(x, y)",0.139317336,"R"
"97","mat_mult(200)",0.010699719,"R"
"98","fib(20)",0.025983317,"R"
"99","mat_mult(200)",0.010436184,"R"
"100","array_construct(200)",0.000529234,"R"
"101","inner(x, y)",0.139649668,"R"
"102","mat_mult(200)",0.010343627,"R"
"103","inner(x, y)",0.138124315,"R"
"104","rand_mat_stat(1000)",0.177022511,"R"
"105","rand_mat_stat(1000)",0.182468638,"R"
"106","fib(20)",0.027518364,"R"
"107","inner(x, y)",0.139594606,"R"
"108","mat_mult(200)",0.010660711,"R"
"109","inner(x, y)",0.139198387,"R"
"110","mat_mult(200)",0.010506978,"R"
"111","fib(20)",0.025983744,"R"
"112","rand_mat_stat(1000)",0.17721755,"R"
"113","rand_mat_stat(1000)",0.181800037,"R"
"114","inner(x, y)",0.139817243,"R"
"115","fib(20)",0.02642249,"R"
"116","array_construct(200)",0.000812192,"R"
"117","array_construct(200)",0.000517988,"R"
"118","inner(x, y)",0.13934005,"R"
"119","inner(x, y)",0.138627263,"R"
"120","inner(x, y)",0.138323287,"R"
"121","inner(x, y)",0.139122544,"R"
"122","fib(20)",0.02390051,"R"
"123","array_construct(200)",0.000531198,"R"
"124","array_construct(200)",0.000516955,"R"
"125","rand_mat_stat(1000)",0.183235775,"R"
"126","fib(20)",0.027673425,"R"
"127","fib(20)",0.024668862,"R"
"128","inner(x, y)",0.139705201,"R"
"129","array_construct(200)",0.000867376,"R"
"130","inner(x, y)",0.139297325,"R"
"131","inner(x, y)",0.138814387,"R"
"132","fib(20)",0.025919835,"R"
"133","array_construct(200)",0.000533415,"R"
"134","mat_mult(200)",0.010442572,"R"
"135","inner(x, y)",0.139169107,"R"
"136","rand_mat_stat(1000)",0.181131244,"R"
"137","fib(20)",0.027137396,"R"
"138","fib(20)",0.024393972,"R"
"139","fib(20)",0.025992871,"R"
"140","array_construct(200)",0.000816527,"R"
"141","mat_mult(200)",0.010426736,"R"
"142","mat_mult(200)",0.010242074,"R"
"143","fib(20)",0.025903639,"R"
"144","mat_mult(200)",0.010422358,"R"
"145","rand_mat_stat(1000)",0.178184164,"R"
"146","mat_mult(200)",0.010439537,"R"
"147","fib(20)",0.028112347,"R"
"148","array_construct(200)",0.000936371,"R"
"149","rand_mat_stat(1000)",0.181645881,"R"
"150","rand_mat_stat(1000)",0.178254397,"R"
"151","array_construct(200)",0.000519039,"R"
"152","array_construct(200)",0.000536849,"R"
"153","rand_mat_stat(1000)",0.183850006,"R"
"154","mat_mult(200)",0.010426492,"R"
"155","mat_mult(200)",0.01028919,"R"
"156","inner(x, y)",0.143968581,"R"
"157","rand_mat_stat(1000)",0.18222604,"R"
"158","rand_mat_stat(1000)",0.178759391,"R"
"159","inner(x, y)",0.139504628,"R"
"160","rand_mat_stat(1000)",0.182663769,"R"
"161","rand_mat_stat(1000)",0.17894596,"R"
"162","mat_mult(200)",0.0104186,"R"
"163","rand_mat_stat(1000)",0.182652776,"R"
"164","rand_mat_stat(1000)",0.178521601,"R"
"165","rand_mat_stat(1000)",0.182863856,"R"
"166","mat_mult(200)",0.010391233,"R"
"167","array_construct(200)",0.000532344,"R"
"168","array_construct(200)",0.000518057,"R"
"169","array_construct(200)",0.000516845,"R"
"170","fib(20)",0.027598976,"R"
"171","array_construct(200)",0.000934308,"R"
"172","inner(x, y)",0.139577121,"R"
"173","array_construct(200)",0.000532642,"R"
"174","fib(20)",0.025902365,"R"
"175","rand_mat_stat(1000)",0.178324396,"R"
"176","fib(20)",0.027976171,"R"
"177","mat_mult(200)",0.010743941,"R"
"178","inner(x, y)",0.139057562,"R"
"179","array_construct(200)",0.000540524,"R"
"180","array_construct(200)",0.000516247,"R"
"181","inner(x, y)",0.138748914,"R"
"182","array_construct(200)",0.000540096,"R"
"183","inner(x, y)",0.138816314,"R"
"184","rand_mat_stat(1000)",0.18192984,"R"
"185","fib(20)",0.024566762,"R"
"186","mat_mult(200)",0.01060305,"R"
"187","fib(20)",0.026273844,"R"
"188","fib(20)",0.026162613,"R"
"189","rand_mat_stat(1000)",0.177913659,"R"
"190","fib(20)",0.028635495,"R"
"191","array_construct(200)",0.000955839,"R"
"192","rand_mat_stat(1000)",0.181459779,"R"
"193","fib(20)",0.027558882,"R"
"194","array_construct(200)",0.000819316,"R"
"195","mat_mult(200)",0.010410001,"R"
"196","mat_mult(200)",0.010296441,"R"
"197","rand_mat_stat(1000)",0.178252246,"R"
"198","array_construct(200)",0.000519434,"R"
"199","fib(20)",0.027966361,"R"
"200","mat_mult(200)",0.010852881,"R"
"201","fib(20)",0.029114369,"R"
"202","inner(x, y)",0.139253264,"R"
"203","rand_mat_stat(1000)",0.177915008,"R"
"204","inner(x, y)",0.139591045,"R"
"205","inner(x, y)",0.139445581,"R"
"206","array_construct(200)",0.000553776,"R"
"207","mat_mult(200)",0.010287907,"R"
"208","fib(20)",0.02788823,"R"
"209","fib(20)",0.026661903,"R"
"210","rand_mat_stat(1000)",0.17831508,"R"
"211","mat_mult(200)",0.010434198,"R"
"212","inner(x, y)",0.144286929,"R"
"213","array_construct(200)",0.000534338,"R"
"214","fib(20)",0.028114215,"R"
"215","fib(20)",0.02576564,"R"
"216","inner(x, y)",0.139304645,"R"
"217","inner(x, y)",0.138978662,"R"
"218","inner(x, y)",0.138523266,"R"
"219","fib(20)",0.025859252,"R"
"220","array_construct(200)",0.000941241,"R"
"221","fib(20)",0.024402447,"R"
"222","fib(20)",0.025892536,"R"
"223","fib(20)",0.025758791,"R"
"224","rand_mat_stat(1000)",0.18231145,"R"
"225","mat_mult(200)",0.010407368,"R"
"226","inner(x, y)",0.140082942,"R"
"227","rand_mat_stat(1000)",0.178352205,"R"
"228","mat_mult(200)",0.010452352,"R"
"229","rand_mat_stat(1000)",0.183012651,"R"
"230","mat_mult(200)",0.010401874,"R"
"231","fib(20)",0.026881271,"R"
"232","rand_mat_stat(1000)",0.179716461,"R"
"233","array_construct(200)",0.000553821,"R"
"234","mat_mult(200)",0.01033558,"R"
"235","inner(x, y)",0.140076166,"R"
"236","rand_mat_stat(1000)",0.183318401,"R"
"237","mat_mult(200)",0.010440977,"R"
"238","fib(20)",0.024265813,"R"
"239","fib(20)",0.026916322,"R"
"240","rand_mat_stat(1000)",0.182117054,"R"
"241","rand_mat_stat(1000)",0.178387998,"R"
"242","array_construct(200)",0.000518457,"R"
"243","fib(20)",0.028381845,"R"
"244","fib(20)",0.026211077,"R"
"245","fib(20)",0.026363148,"R"
"246","inner(x, y)",0.139521956,"R"
"247","mat_mult(200)",0.010698735,"R"
"248","fib(20)",0.024273165,"R"
"249","array_construct(200)",0.000532402,"R"
"250","fib(20)",0.026165829,"R"
"251","array_construct(200)",0.000552754,"R"
"252","inner(x, y)",0.139591452,"R"
"253","mat_mult(200)",0.01027731,"R"
"254","inner(x, y)",0.139765945,"R"
"255","inner(x, y)",0.138528835,"R"
"256","mat_mult(200)",0.010440165,"R"
"257","inner(x, y)",0.139102726,"R"
"258","inner(x, y)",0.138639562,"R"
"259","array_construct(200)",0.000551258,"R"
"260","rand_mat_stat(1000)",0.18159811,"R"
"261","array_construct(200)",0.000518406,"R"
"262","mat_mult(200)",0.01039754,"R"
"263","mat_mult(200)",0.010398493,"R"
"264","mat_mult(200)",0.01023227,"R"
"265","array_construct(200)",0.000527169,"R"
"266","array_construct(200)",0.000517078,"R"
"267","mat_mult(200)",0.010457599,"R"
"268","array_construct(200)",0.00058365,"R"
"269","inner(x, y)",0.139079776,"R"
"270","inner(x, y)",0.138615506,"R"
"271","inner(x, y)",0.139139175,"R"
"272","inner(x, y)",0.139282435,"R"
"273","mat_mult(200)",0.010540817,"R"
"274","array_construct(200)",0.000650949,"R"
"275","mat_mult(200)",0.010682055,"R"
"276","rand_mat_stat(1000)",0.178374485,"R"
"277","inner(x, y)",0.143890214,"R"
"278","array_construct(200)",0.000532123,"R"
"279","fib(20)",0.028598073,"R"
"280","mat_mult(200)",0.010900055,"R"
"281","fib(20)",0.026135014,"R"
"282","inner(x, y)",0.139350207,"R"
"283","rand_mat_stat(1000)",0.18255942,"R"
"284","array_construct(200)",0.00051985,"R"
"285","inner(x, y)",0.13903416,"R"
"286","fib(20)",0.023920231,"R"
"287","inner(x, y)",0.139621893,"R"
"288","mat_mult(200)",0.01037155,"R"
"289","array_construct(200)",0.000662691,"R"
"290","rand_mat_stat(1000)",0.181396785,"R"
"291","rand_mat_stat(1000)",0.178370236,"R"
"292","array_construct(200)",0.000518594,"R"
"293","rand_mat_stat(1000)",0.18384724,"R"
"294","array_construct(200)",0.00051993,"R"
"295","array_construct(200)",0.000518205,"R"
"296","array_construct(200)",0.000517896,"R"
"297","rand_mat_stat(1000)",0.183056376,"R"
"298","fib(20)",0.024544913,"R"
"299","array_construct(200)",0.000530928,"R"
"300","fib(20)",0.026590015,"R"
"301","inner(x, y)",0.139925633,"R"
"302","rand_mat_stat(1000)",0.184209599,"R"
"303","array_construct(200)",0.000518585,"R"
"304","fib(20)",0.027733929,"R"
"305","inner(x, y)",0.139608228,"R"
"306","rand_mat_stat(1000)",0.17859521,"R"
"307","rand_mat_stat(1000)",0.183216283,"R"
"308","rand_mat_stat(1000)",0.178600283,"R"
"309","mat_mult(200)",0.010433819,"R"
"310","fib(20)",0.028143663,"R"
"311","array_construct(200)",0.000956818,"R"
"312","inner(x, y)",0.143739678,"R"
"313","rand_mat_stat(1000)",0.182440194,"R"
"314","inner(x, y)",0.139178404,"R"
"315","fib(20)",0.024133252,"R"
"316","inner(x, y)",0.139567355,"R"
"317","array_construct(200)",0.000533671,"R"
"318","mat_mult(200)",0.010305162,"R"
"319","fib(20)",0.02674607,"R"
"320","fib(20)",0.026083303,"R"
"321","inner(x, y)",0.138973275,"R"
"322","inner(x, y)",0.13856393,"R"
"323","mat_mult(200)",0.010281507,"R"
"324","fib(20)",0.026041961,"R"
"325","rand_mat_stat(1000)",0.178213612,"R"
"326","rand_mat_stat(1000)",0.182828983,"R"
"327","rand_mat_stat(1000)",0.183567019,"R"
"328","mat_mult(200)",0.010426355,"R"
"329","inner(x, y)",0.143265578,"R"
"330","mat_mult(200)",0.010282644,"R"
"331","rand_mat_stat(1000)",0.178023944,"R"
"332","mat_mult(200)",0.01043845,"R"
"333","inner(x, y)",0.141560326,"R"
"334","rand_mat_stat(1000)",0.183146852,"R"
"335","array_construct(200)",0.000518733,"R"
"336","fib(20)",0.084371214,"R"
"337","rand_mat_stat(1000)",0.177523106,"R"
"338","fib(20)",0.027629123,"R"
"339","mat_mult(200)",0.010809731,"R"
"340","fib(20)",0.025753217,"R"
"341","array_construct(200)",0.000559403,"R"
"342","array_construct(200)",0.00051929,"R"
"343","rand_mat_stat(1000)",0.177869703,"R"
"344","array_construct(200)",0.000518721,"R"
"345","mat_mult(200)",0.010326568,"R"
"346","rand_mat_stat(1000)",0.182338538,"R"
"347","inner(x, y)",0.139883979,"R"
"348","inner(x, y)",0.138424801,"R"
"349","mat_mult(200)",0.010284839,"R"
"350","array_construct(200)",0.000526195,"R"
"351","inner(x, y)",0.138802138,"R"
"352","array_construct(200)",0.000563706,"R"
"353","array_construct(200)",0.000644265,"R"
"354","mat_mult(200)",0.011407889,"R"
"355","inner(x, y)",0.138790182,"R"
"356","mat_mult(200)",0.010693777,"R"
"357","mat_mult(200)",0.010543093,"R"
"358","array_construct(200)",0.000663254,"R"
"359","inner(x, y)",0.139551901,"R"
"360","mat_mult(200)",0.011000073,"R"
"361","fib(20)",0.026576853,"R"
"362","mat_mult(200)",0.010640148,"R"
"363","fib(20)",0.023934862,"R"
"364","fib(20)",0.025671998,"R"
"365","inner(x, y)",0.139392165,"R"
"366","mat_mult(200)",0.01028012,"R"
"367","mat_mult(200)",0.010253515,"R"
"368","array_construct(200)",0.00052723,"R"
"369","rand_mat_stat(1000)",0.181090244,"R"
"370","rand_mat_stat(1000)",0.178063495,"R"
"371","inner(x, y)",0.142457407,"R"
"372","inner(x, y)",0.138524325,"R"
"373","mat_mult(200)",0.010327028,"R"
"374","array_construct(200)",0.000527935,"R"
"375","fib(20)",0.027987839,"R"
"376","array_construct(200)",0.000945998,"R"
"377","rand_mat_stat(1000)",0.181335281,"R"
"378","fib(20)",0.02452599,"R"
"379","mat_mult(200)",0.010422673,"R"
"380","fib(20)",0.026236256,"R"
"381","inner(x, y)",0.138695161,"R"
"382","rand_mat_stat(1000)",0.181404175,"R"
"383","fib(20)",0.027029273,"R"
"384","fib(20)",0.024445196,"R"
"385","rand_mat_stat(1000)",0.18087642,"R"
"386","rand_mat_stat(1000)",0.180494461,"R"
"387","fib(20)",0.028397212,"R"
"388","array_construct(200)",0.000937359,"R"
"389","mat_mult(200)",0.010445573,"R"
"390","rand_mat_stat(1000)",0.181575412,"R"
"391","mat_mult(200)",0.010404156,"R"
"392","rand_mat_stat(1000)",0.178276887,"R"
"393","array_construct(200)",0.000519036,"R"
"394","mat_mult(200)",0.010377581,"R"
"395","mat_mult(200)",0.010262826,"R"
"396","array_construct(200)",0.000528942,"R"
"397","rand_mat_stat(1000)",0.18226526,"R"
"398","inner(x, y)",0.139219354,"R"
"399","inner(x, y)",0.138245318,"R"
"400","rand_mat_stat(1000)",0.182117768,"R"
"401","array_construct(200)",0.000519476,"R"
"402","inner(x, y)",0.142494976,"R"
"403","rand_mat_stat(1000)",0.177290512,"R"
"404","fib(20)",0.027938026,"R"
"405","array_construct(200)",0.000905571,"R"
"406","mat_mult(200)",0.01040412,"R"
"407","array_construct(200)",0.000533192,"R"
"408","fib(20)",0.026317734,"R"
"409","fib(20)",0.024885328,"R"
"410","mat_mult(200)",0.010445486,"R"
"411","fib(20)",0.026016827,"R"
"412","array_construct(200)",0.000530919,"R"
"413","inner(x, y)",0.138207095,"R"
"414","inner(x, y)",0.139113352,"R"
"415","mat_mult(200)",0.010302793,"R"
"416","inner(x, y)",0.139258234,"R"
"417","rand_mat_stat(1000)",0.181681018,"R"
"418","inner(x, y)",0.139453821,"R"
"419","inner(x, y)",0.138420217,"R"
"420","array_construct(200)",0.000537001,"R"
"421","mat_mult(200)",0.010321173,"R"
"422","mat_mult(200)",0.01025427,"R"
"423","mat_mult(200)",0.010299037,"R"
"424","inner(x, y)",0.139193942,"R"
"425","array_construct(200)",0.000533171,"R"
"426","rand_mat_stat(1000)",0.177519981,"R"
"427","inner(x, y)",0.139551269,"R"
"428","inner(x, y)",0.139371477,"R"
"429","inner(x, y)",0.139532477,"R"
"430","array_construct(200)",0.000537855,"R"
"431","array_construct(200)",0.000521283,"R"
"432","array_construct(200)",0.000517125,"R"
"433","array_construct(200)",0.000541286,"R"
"434","fib(20)",0.028140493,"R"
"435","array_construct(200)",0.000920424,"R"
"436","array_construct(200)",0.000518684,"R"
"437","inner(x, y)",0.13953674,"R"
"438","rand_mat_stat(1000)",0.181178771,"R"
"439","rand_mat_stat(1000)",0.178004105,"R"
"440","fib(20)",0.028414078,"R"
"441","array_construct(200)",0.000933555,"R"
"442","rand_mat_stat(1000)",0.182199895,"R"
"443","mat_mult(200)",0.010440277,"R"
"444","inner(x, y)",0.148884187,"R"
"445","mat_mult(200)",0.010275135,"R"
"446","fib(20)",0.024312096,"R"
"447","array_construct(200)",0.00053172,"R"
"448","fib(20)",0.026625622,"R"
"449","inner(x, y)",0.139820782,"R"
"450","inner(x, y)",0.138556594,"R"
"451","mat_mult(200)",0.010558259,"R"
"452","rand_mat_stat(1000)",0.18160089,"R"
"453","array_construct(200)",0.00056113,"R"
"454","fib(20)",0.027503433,"R"
"455","mat_mult(200)",0.010740708,"R"
"456","fib(20)",0.024254808,"R"
"457","fib(20)",0.025961047,"R"
"458","array_construct(200)",0.000531621,"R"
"459","fib(20)",0.026313785,"R"
"460","rand_mat_stat(1000)",0.178305665,"R"
"461","array_construct(200)",0.000519341,"R"
"462","fib(20)",0.028413829,"R"
"463","mat_mult(200)",0.010756329,"R"
"464","inner(x, y)",0.138789487,"R"
"465","mat_mult(200)",0.010297925,"R"
"466","mat_mult(200)",0.010275711,"R"
"467","array_construct(200)",0.0005276,"R"
"468","mat_mult(200)",0.010437122,"R"
"469","fib(20)",0.025837814,"R"
"470","inner(x, y)",0.139213153,"R"
"471","rand_mat_stat(1000)",0.182245901,"R"
"472","array_construct(200)",0.000518942,"R"
"473","rand_mat_stat(1000)",0.178710975,"R"
"474","fib(20)",0.027861301,"R"
"475","rand_mat_stat(1000)",0.178747023,"R"
"476","fib(20)",0.028349924,"R"
"477","array_construct(200)",0.000926271,"R"
"478","mat_mult(200)",0.010406185,"R"
"479","fib(20)",0.025919136,"R"
"480","rand_mat_stat(1000)",0.182866061,"R"
"481","array_construct(200)",0.000518668,"R"
"482","fib(20)",0.024614389,"R"
"483","rand_mat_stat(1000)",0.183769361,"R"
"484","array_construct(200)",0.000519899,"R"
"485","array_construct(200)",0.000542829,"R"
"486","fib(20)",0.028406273,"R"
"487","array_construct(200)",0.000740771,"R"
"488","fib(20)",0.024595658,"R"
"489","array_construct(200)",0.000529844,"R"
"490","inner(x, y)",0.13965656,"R"
"491","mat_mult(200)",0.010296075,"R"
"492","rand_mat_stat(1000)",0.178752123,"R"
"493","rand_mat_stat(1000)",0.181134425,"R"
"494","array_construct(200)",0.000538613,"R"
"495","rand_mat_stat(1000)",0.176781056,"R"
"496","mat_mult(200)",0.010398,"R"
"497","inner(x, y)",0.139865492,"R"
"498","fib(20)",0.027377069,"R"
"499","fib(20)",0.026116228,"R"
"500","inner(x, y)",0.13936649,"R"
"501","array_construct(200)",6.00814819335938e-05,"Julia"
"502","mat_mult(200)",0.00477695465087891,"Julia"
"503","rand_mat_stat(1000)",0.0382759571075439,"Julia"
"504","inner(x, y)",0.0275919437408447,"Julia"
"505","fib(20)",7.60555267333984e-05,"Julia"
"506","array_construct(200)",5.19752502441406e-05,"Julia"
"507","mat_mult(200)",0.00477981567382812,"Julia"
"508","rand_mat_stat(1000)",0.0381388664245605,"Julia"
"509","inner(x, y)",0.0277070999145508,"Julia"
"510","fib(20)",7.48634338378906e-05,"Julia"
"511","array_construct(200)",5.19752502441406e-05,"Julia"
"512","mat_mult(200)",0.00476503372192383,"Julia"
"513","rand_mat_stat(1000)",0.0380799770355225,"Julia"
"514","inner(x, y)",0.0278749465942383,"Julia"
"515","fib(20)",7.48634338378906e-05,"Julia"
"516","array_construct(200)",7.51018524169922e-05,"Julia"
"517","mat_mult(200)",0.00478696823120117,"Julia"
"518","rand_mat_stat(1000)",0.0380280017852783,"Julia"
"519","inner(x, y)",0.0274820327758789,"Julia"
"520","fib(20)",9.01222229003906e-05,"Julia"
"521","array_construct(200)",5.00679016113281e-05,"Julia"
"522","mat_mult(200)",0.00477886199951172,"Julia"
"523","rand_mat_stat(1000)",0.0430808067321777,"Julia"
"524","inner(x, y)",0.0274510383605957,"Julia"
"525","fib(20)",7.48634338378906e-05,"Julia"
"526","array_construct(200)",0.000194072723388672,"Julia"
"527","mat_mult(200)",0.00500893592834473,"Julia"
"528","rand_mat_stat(1000)",0.0439679622650146,"Julia"
"529","inner(x, y)",0.0280709266662598,"Julia"
"530","fib(20)",7.48634338378906e-05,"Julia"
"531","array_construct(200)",0.000155925750732422,"Julia"
"532","mat_mult(200)",0.00496101379394531,"Julia"
"533","rand_mat_stat(1000)",0.043842077255249,"Julia"
"534","inner(x, y)",0.0279572010040283,"Julia"
"535","fib(20)",7.51018524169922e-05,"Julia"
"536","array_construct(200)",0.000191926956176758,"Julia"
"537","mat_mult(200)",0.00499606132507324,"Julia"
"538","rand_mat_stat(1000)",0.0438849925994873,"Julia"
"539","inner(x, y)",0.0281610488891602,"Julia"
"540","fib(20)",7.51018524169922e-05,"Julia"
"541","array_construct(200)",0.000207901000976562,"Julia"
"542","mat_mult(200)",0.00502395629882812,"Julia"
"543","rand_mat_stat(1000)",0.0438170433044434,"Julia"
"544","inner(x, y)",0.0280449390411377,"Julia"
"545","fib(20)",7.48634338378906e-05,"Julia"
"546","array_construct(200)",0.000183820724487305,"Julia"
"547","mat_mult(200)",0.00499796867370605,"Julia"
"548","rand_mat_stat(1000)",0.0438230037689209,"Julia"
"549","inner(x, y)",0.0275819301605225,"Julia"
"550","fib(20)",7.51018524169922e-05,"Julia"
"551","array_construct(200)",0.00018000602722168,"Julia"
"552","mat_mult(200)",0.00498604774475098,"Julia"
"553","rand_mat_stat(1000)",0.0437920093536377,"Julia"
"554","inner(x, y)",0.0293669700622559,"Julia"
"555","fib(20)",7.60555267333984e-05,"Julia"
"556","array_construct(200)",0.000154018402099609,"Julia"
"557","mat_mult(200)",0.00497603416442871,"Julia"
"558","rand_mat_stat(1000)",0.0727310180664062,"Julia"
"559","inner(x, y)",0.0274529457092285,"Julia"
"560","fib(20)",7.51018524169922e-05,"Julia"
"561","array_construct(200)",5.19752502441406e-05,"Julia"
"562","mat_mult(200)",0.00477719306945801,"Julia"
"563","rand_mat_stat(1000)",0.0378949642181396,"Julia"
"564","inner(x, y)",0.0274219512939453,"Julia"
"565","fib(20)",7.51018524169922e-05,"Julia"
"566","array_construct(200)",5.19752502441406e-05,"Julia"
"567","mat_mult(200)",0.00478816032409668,"Julia"
"568","rand_mat_stat(1000)",0.0380520820617676,"Julia"
"569","inner(x, y)",0.0274410247802734,"Julia"
"570","fib(20)",7.48634338378906e-05,"Julia"
"571","array_construct(200)",5.07831573486328e-05,"Julia"
"572","mat_mult(200)",0.00475096702575684,"Julia"
"573","rand_mat_stat(1000)",0.0696790218353271,"Julia"
"574","inner(x, y)",0.0275278091430664,"Julia"
"575","fib(20)",7.51018524169922e-05,"Julia"
"576","array_construct(200)",5.10215759277344e-05,"Julia"
"577","mat_mult(200)",0.00476598739624023,"Julia"
"578","rand_mat_stat(1000)",0.0378000736236572,"Julia"
"579","inner(x, y)",0.0276229381561279,"Julia"
"580","fib(20)",7.39097595214844e-05,"Julia"
"581","array_construct(200)",5.19752502441406e-05,"Julia"
"582","mat_mult(200)",0.0047760009765625,"Julia"
"583","rand_mat_stat(1000)",0.0377390384674072,"Julia"
"584","inner(x, y)",0.0275840759277344,"Julia"
"585","fib(20)",7.39097595214844e-05,"Julia"
"586","array_construct(200)",5.10215759277344e-05,"Julia"
"587","mat_mult(200)",0.0047600269317627,"Julia"
"588","rand_mat_stat(1000)",0.0632638931274414,"Julia"
"589","inner(x, y)",0.027522087097168,"Julia"
"590","fib(20)",7.48634338378906e-05,"Julia"
"591","array_construct(200)",5.22136688232422e-05,"Julia"
"592","mat_mult(200)",0.00479292869567871,"Julia"
"593","rand_mat_stat(1000)",0.0379118919372559,"Julia"
"594","inner(x, y)",0.027878999710083,"Julia"
"595","fib(20)",7.51018524169922e-05,"Julia"
"596","array_construct(200)",5.07831573486328e-05,"Julia"
"597","mat_mult(200)",0.00478100776672363,"Julia"
"598","rand_mat_stat(1000)",0.0377180576324463,"Julia"
"599","inner(x, y)",0.0276429653167725,"Julia"
"600","fib(20)",7.51018524169922e-05,"Julia"
"601","array_construct(200)",5.10215759277344e-05,"Julia"
"602","mat_mult(200)",0.00475597381591797,"Julia"
"603","rand_mat_stat(1000)",0.0650641918182373,"Julia"
"604","inner(x, y)",0.0274500846862793,"Julia"
"605","fib(20)",7.51018524169922e-05,"Julia"
"606","array_construct(200)",5.19752502441406e-05,"Julia"
"607","mat_mult(200)",0.00477910041809082,"Julia"
"608","rand_mat_stat(1000)",0.0380430221557617,"Julia"
"609","inner(x, y)",0.0274331569671631,"Julia"
"610","fib(20)",7.48634338378906e-05,"Julia"
"611","array_construct(200)",5.00679016113281e-05,"Julia"
"612","mat_mult(200)",0.00478506088256836,"Julia"
"613","rand_mat_stat(1000)",0.0632100105285645,"Julia"
"614","inner(x, y)",0.0275280475616455,"Julia"
"615","fib(20)",7.48634338378906e-05,"Julia"
"616","array_construct(200)",5.10215759277344e-05,"Julia"
"617","mat_mult(200)",0.00475597381591797,"Julia"
"618","rand_mat_stat(1000)",0.0378792285919189,"Julia"
"619","inner(x, y)",0.0274600982666016,"Julia"
"620","fib(20)",7.51018524169922e-05,"Julia"
"621","array_construct(200)",6.00814819335938e-05,"Julia"
"622","mat_mult(200)",0.00475406646728516,"Julia"
"623","rand_mat_stat(1000)",0.037775993347168,"Julia"
"624","inner(x, y)",0.0275089740753174,"Julia"
"625","fib(20)",7.48634338378906e-05,"Julia"
"626","array_construct(200)",5.00679016113281e-05,"Julia"
"627","mat_mult(200)",0.00475883483886719,"Julia"
"628","rand_mat_stat(1000)",0.063338041305542,"Julia"
"629","inner(x, y)",0.027418851852417,"Julia"
"630","fib(20)",7.51018524169922e-05,"Julia"
"631","array_construct(200)",4.91142272949219e-05,"Julia"
"632","mat_mult(200)",0.00477385520935059,"Julia"
"633","rand_mat_stat(1000)",0.0377719402313232,"Julia"
"634","inner(x, y)",0.0273749828338623,"Julia"
"635","fib(20)",7.51018524169922e-05,"Julia"
"636","array_construct(200)",4.98294830322266e-05,"Julia"
"637","mat_mult(200)",0.00476312637329102,"Julia"
"638","rand_mat_stat(1000)",0.0377321243286133,"Julia"
"639","inner(x, y)",0.0273549556732178,"Julia"
"640","fib(20)",7.51018524169922e-05,"Julia"
"641","array_construct(200)",5.00679016113281e-05,"Julia"
"642","mat_mult(200)",0.00474715232849121,"Julia"
"643","rand_mat_stat(1000)",0.0632040500640869,"Julia"
"644","inner(x, y)",0.027475118637085,"Julia"
"645","fib(20)",7.48634338378906e-05,"Julia"
"646","array_construct(200)",5.00679016113281e-05,"Julia"
"647","mat_mult(200)",0.00474691390991211,"Julia"
"648","rand_mat_stat(1000)",0.0377888679504395,"Julia"
"649","inner(x, y)",0.0276470184326172,"Julia"
"650","fib(20)",7.48634338378906e-05,"Julia"
"651","array_construct(200)",5.00679016113281e-05,"Julia"
"652","mat_mult(200)",0.00478315353393555,"Julia"
"653","rand_mat_stat(1000)",0.0377328395843506,"Julia"
"654","inner(x, y)",0.027569055557251,"Julia"
"655","fib(20)",7.51018524169922e-05,"Julia"
"656","array_construct(200)",5.00679016113281e-05,"Julia"
"657","mat_mult(200)",0.00490093231201172,"Julia"
"658","rand_mat_stat(1000)",0.0633139610290527,"Julia"
"659","inner(x, y)",0.027623176574707,"Julia"
"660","fib(20)",7.51018524169922e-05,"Julia"
"661","array_construct(200)",4.98294830322266e-05,"Julia"
"662","mat_mult(200)",0.00475215911865234,"Julia"
"663","rand_mat_stat(1000)",0.0378420352935791,"Julia"
"664","inner(x, y)",0.02754807472229,"Julia"
"665","fib(20)",7.48634338378906e-05,"Julia"
"666","array_construct(200)",5.10215759277344e-05,"Julia"
"667","mat_mult(200)",0.00477790832519531,"Julia"
"668","rand_mat_stat(1000)",0.0632469654083252,"Julia"
"669","inner(x, y)",0.027508020401001,"Julia"
"670","fib(20)",7.48634338378906e-05,"Julia"
"671","array_construct(200)",5.00679016113281e-05,"Julia"
"672","mat_mult(200)",0.00475716590881348,"Julia"
"673","rand_mat_stat(1000)",0.0378389358520508,"Julia"
"674","inner(x, y)",0.0274748802185059,"Julia"
"675","fib(20)",7.51018524169922e-05,"Julia"
"676","array_construct(200)",5.10215759277344e-05,"Julia"
"677","mat_mult(200)",0.00477099418640137,"Julia"
"678","rand_mat_stat(1000)",0.0377371311187744,"Julia"
"679","inner(x, y)",0.0275681018829346,"Julia"
"680","fib(20)",7.48634338378906e-05,"Julia"
"681","array_construct(200)",4.88758087158203e-05,"Julia"
"682","mat_mult(200)",0.0047609806060791,"Julia"
"683","rand_mat_stat(1000)",0.0634238719940186,"Julia"
"684","inner(x, y)",0.0275030136108398,"Julia"
"685","fib(20)",7.48634338378906e-05,"Julia"
"686","array_construct(200)",5.00679016113281e-05,"Julia"
"687","mat_mult(200)",0.0047600269317627,"Julia"
"688","rand_mat_stat(1000)",0.0377819538116455,"Julia"
"689","inner(x, y)",0.0274801254272461,"Julia"
"690","fib(20)",7.48634338378906e-05,"Julia"
"691","array_construct(200)",6.69956207275391e-05,"Julia"
"692","mat_mult(200)",0.00477814674377441,"Julia"
"693","rand_mat_stat(1000)",0.0377199649810791,"Julia"
"694","inner(x, y)",0.0275280475616455,"Julia"
"695","fib(20)",8.20159912109375e-05,"Julia"
"696","array_construct(200)",5.10215759277344e-05,"Julia"
"697","mat_mult(200)",0.00475692749023438,"Julia"
"698","rand_mat_stat(1000)",0.063183069229126,"Julia"
"699","inner(x, y)",0.0276169776916504,"Julia"
"700","fib(20)",7.48634338378906e-05,"Julia"
"701","array_construct(200)",4.91142272949219e-05,"Julia"
"702","mat_mult(200)",0.00476193428039551,"Julia"
"703","rand_mat_stat(1000)",0.0377390384674072,"Julia"
"704","inner(x, y)",0.0291228294372559,"Julia"
"705","fib(20)",7.51018524169922e-05,"Julia"
"706","array_construct(200)",5.10215759277344e-05,"Julia"
"707","mat_mult(200)",0.00478196144104004,"Julia"
"708","rand_mat_stat(1000)",0.0376949310302734,"Julia"
"709","inner(x, y)",0.0281550884246826,"Julia"
"710","fib(20)",7.39097595214844e-05,"Julia"
"711","array_construct(200)",5.69820404052734e-05,"Julia"
"712","mat_mult(200)",0.00475692749023438,"Julia"
"713","rand_mat_stat(1000)",0.0635790824890137,"Julia"
"714","inner(x, y)",0.0294880867004395,"Julia"
"715","fib(20)",7.51018524169922e-05,"Julia"
"716","array_construct(200)",5.10215759277344e-05,"Julia"
"717","mat_mult(200)",0.00477409362792969,"Julia"
"718","rand_mat_stat(1000)",0.037909984588623,"Julia"
"719","inner(x, y)",0.0287971496582031,"Julia"
"720","fib(20)",7.51018524169922e-05,"Julia"
"721","array_construct(200)",5.19752502441406e-05,"Julia"
"722","mat_mult(200)",0.00478792190551758,"Julia"
"723","rand_mat_stat(1000)",0.0638840198516846,"Julia"
"724","inner(x, y)",0.0288569927215576,"Julia"
"725","fib(20)",7.48634338378906e-05,"Julia"
"726","array_construct(200)",5.10215759277344e-05,"Julia"
"727","mat_mult(200)",0.00476193428039551,"Julia"
"728","rand_mat_stat(1000)",0.0378561019897461,"Julia"
"729","inner(x, y)",0.0276248455047607,"Julia"
"730","fib(20)",9.01222229003906e-05,"Julia"
"731","array_construct(200)",5.07831573486328e-05,"Julia"
"732","mat_mult(200)",0.0047459602355957,"Julia"
"733","rand_mat_stat(1000)",0.0377650260925293,"Julia"
"734","inner(x, y)",0.0275490283966064,"Julia"
"735","fib(20)",7.48634338378906e-05,"Julia"
"736","array_construct(200)",5.00679016113281e-05,"Julia"
"737","mat_mult(200)",0.00475502014160156,"Julia"
"738","rand_mat_stat(1000)",0.0631239414215088,"Julia"
"739","inner(x, y)",0.0289859771728516,"Julia"
"740","fib(20)",7.51018524169922e-05,"Julia"
"741","array_construct(200)",5.10215759277344e-05,"Julia"
"742","mat_mult(200)",0.00477004051208496,"Julia"
"743","rand_mat_stat(1000)",0.0385348796844482,"Julia"
"744","inner(x, y)",0.0344460010528564,"Julia"
"745","fib(20)",7.51018524169922e-05,"Julia"
"746","array_construct(200)",5.29289245605469e-05,"Julia"
"747","mat_mult(200)",0.00482797622680664,"Julia"
"748","rand_mat_stat(1000)",0.0390269756317139,"Julia"
"749","inner(x, y)",0.0283479690551758,"Julia"
"750","fib(20)",7.89165496826172e-05,"Julia"
"751","array_construct(200)",6.89029693603516e-05,"Julia"
"752","mat_mult(200)",0.00476193428039551,"Julia"
"753","rand_mat_stat(1000)",0.0640518665313721,"Julia"
"754","inner(x, y)",0.029000997543335,"Julia"
"755","fib(20)",7.48634338378906e-05,"Julia"
"756","array_construct(200)",5.00679016113281e-05,"Julia"
"757","mat_mult(200)",0.00477313995361328,"Julia"
"758","rand_mat_stat(1000)",0.03792405128479,"Julia"
"759","inner(x, y)",0.029033899307251,"Julia"
"760","fib(20)",7.51018524169922e-05,"Julia"
"761","array_construct(200)",4.98294830322266e-05,"Julia"
"762","mat_mult(200)",0.00480389595031738,"Julia"
"763","rand_mat_stat(1000)",0.0379641056060791,"Julia"
"764","inner(x, y)",0.0291590690612793,"Julia"
"765","fib(20)",7.48634338378906e-05,"Julia"
"766","array_construct(200)",5.41210174560547e-05,"Julia"
"767","mat_mult(200)",0.0047760009765625,"Julia"
"768","rand_mat_stat(1000)",0.0649528503417969,"Julia"
"769","inner(x, y)",0.0276398658752441,"Julia"
"770","fib(20)",7.48634338378906e-05,"Julia"
"771","array_construct(200)",4.98294830322266e-05,"Julia"
"772","mat_mult(200)",0.00475382804870605,"Julia"
"773","rand_mat_stat(1000)",0.0377380847930908,"Julia"
"774","inner(x, y)",0.0290980339050293,"Julia"
"775","fib(20)",7.51018524169922e-05,"Julia"
"776","array_construct(200)",5.10215759277344e-05,"Julia"
"777","mat_mult(200)",0.00479888916015625,"Julia"
"778","rand_mat_stat(1000)",0.0377671718597412,"Julia"
"779","inner(x, y)",0.0283238887786865,"Julia"
"780","fib(20)",7.51018524169922e-05,"Julia"
"781","array_construct(200)",5.00679016113281e-05,"Julia"
"782","mat_mult(200)",0.00478792190551758,"Julia"
"783","rand_mat_stat(1000)",0.0379540920257568,"Julia"
"784","inner(x, y)",0.0278229713439941,"Julia"
"785","fib(20)",7.48634338378906e-05,"Julia"
"786","array_construct(200)",5.07831573486328e-05,"Julia"
"787","mat_mult(200)",0.00475287437438965,"Julia"
"788","rand_mat_stat(1000)",0.0377621650695801,"Julia"
"789","inner(x, y)",0.0276510715484619,"Julia"
"790","fib(20)",7.48634338378906e-05,"Julia"
"791","array_construct(200)",5.00679016113281e-05,"Julia"
"792","mat_mult(200)",0.0047760009765625,"Julia"
"793","rand_mat_stat(1000)",0.0637261867523193,"Julia"
"794","inner(x, y)",0.0283050537109375,"Julia"
"795","fib(20)",7.51018524169922e-05,"Julia"
"796","array_construct(200)",5.00679016113281e-05,"Julia"
"797","mat_mult(200)",0.00475502014160156,"Julia"
"798","rand_mat_stat(1000)",0.0378608703613281,"Julia"
"799","inner(x, y)",0.0281691551208496,"Julia"
"800","fib(20)",7.51018524169922e-05,"Julia"
"801","array_construct(200)",5.91278076171875e-05,"Julia"
"802","mat_mult(200)",0.0047919750213623,"Julia"
"803","rand_mat_stat(1000)",0.0377469062805176,"Julia"
"804","inner(x, y)",0.0281209945678711,"Julia"
"805","fib(20)",7.51018524169922e-05,"Julia"
"806","array_construct(200)",6.19888305664062e-05,"Julia"
"807","mat_mult(200)",0.00475883483886719,"Julia"
"808","rand_mat_stat(1000)",0.0636861324310303,"Julia"
"809","inner(x, y)",0.0283598899841309,"Julia"
"810","fib(20)",7.48634338378906e-05,"Julia"
"811","array_construct(200)",5.10215759277344e-05,"Julia"
"812","mat_mult(200)",0.00476598739624023,"Julia"
"813","rand_mat_stat(1000)",0.0377960205078125,"Julia"
"814","inner(x, y)",0.0284140110015869,"Julia"
"815","fib(20)",7.51018524169922e-05,"Julia"
"816","array_construct(200)",5.10215759277344e-05,"Julia"
"817","mat_mult(200)",0.00476813316345215,"Julia"
"818","rand_mat_stat(1000)",0.0380301475524902,"Julia"
"819","inner(x, y)",0.0278921127319336,"Julia"
"820","fib(20)",7.51018524169922e-05,"Julia"
"821","array_construct(200)",4.98294830322266e-05,"Julia"
"822","mat_mult(200)",0.00473904609680176,"Julia"
"823","rand_mat_stat(1000)",0.0634870529174805,"Julia"
"824","inner(x, y)",0.0280258655548096,"Julia"
"825","fib(20)",7.48634338378906e-05,"Julia"
"826","array_construct(200)",4.98294830322266e-05,"Julia"
"827","mat_mult(200)",0.00476503372192383,"Julia"
"828","rand_mat_stat(1000)",0.0377678871154785,"Julia"
"829","inner(x, y)",0.0282928943634033,"Julia"
"830","fib(20)",7.51018524169922e-05,"Julia"
"831","array_construct(200)",5.00679016113281e-05,"Julia"
"832","mat_mult(200)",0.00478100776672363,"Julia"
"833","rand_mat_stat(1000)",0.0378868579864502,"Julia"
"834","inner(x, y)",0.0275709629058838,"Julia"
"835","fib(20)",7.48634338378906e-05,"Julia"
"836","array_construct(200)",4.98294830322266e-05,"Julia"
"837","mat_mult(200)",0.00474691390991211,"Julia"
"838","rand_mat_stat(1000)",0.0379071235656738,"Julia"
"839","inner(x, y)",0.0296051502227783,"Julia"
"840","fib(20)",7.51018524169922e-05,"Julia"
"841","array_construct(200)",5.00679016113281e-05,"Julia"
"842","mat_mult(200)",0.00476312637329102,"Julia"
"843","rand_mat_stat(1000)",0.0377511978149414,"Julia"
"844","inner(x, y)",0.0278441905975342,"Julia"
"845","fib(20)",7.51018524169922e-05,"Julia"
"846","array_construct(200)",5.19752502441406e-05,"Julia"
"847","mat_mult(200)",0.00478100776672363,"Julia"
"848","rand_mat_stat(1000)",0.0634310245513916,"Julia"
"849","inner(x, y)",0.0280609130859375,"Julia"
"850","fib(20)",7.51018524169922e-05,"Julia"
"851","array_construct(200)",4.88758087158203e-05,"Julia"
"852","mat_mult(200)",0.00475907325744629,"Julia"
"853","rand_mat_stat(1000)",0.0378749370574951,"Julia"
"854","inner(x, y)",0.0276370048522949,"Julia"
"855","fib(20)",7.48634338378906e-05,"Julia"
"856","array_construct(200)",5.00679016113281e-05,"Julia"
"857","mat_mult(200)",0.00476598739624023,"Julia"
"858","rand_mat_stat(1000)",0.0377140045166016,"Julia"
"859","inner(x, y)",0.0278270244598389,"Julia"
"860","fib(20)",7.48634338378906e-05,"Julia"
"861","array_construct(200)",5.00679016113281e-05,"Julia"
"862","mat_mult(200)",0.00477313995361328,"Julia"
"863","rand_mat_stat(1000)",0.0632028579711914,"Julia"
"864","inner(x, y)",0.0287580490112305,"Julia"
"865","fib(20)",7.48634338378906e-05,"Julia"
"866","array_construct(200)",5.10215759277344e-05,"Julia"
"867","mat_mult(200)",0.0047600269317627,"Julia"
"868","rand_mat_stat(1000)",0.0377750396728516,"Julia"
"869","inner(x, y)",0.0274481773376465,"Julia"
"870","fib(20)",7.48634338378906e-05,"Julia"
"871","array_construct(200)",4.98294830322266e-05,"Julia"
"872","mat_mult(200)",0.00477695465087891,"Julia"
"873","rand_mat_stat(1000)",0.0377140045166016,"Julia"
"874","inner(x, y)",0.0274128913879395,"Julia"
"875","fib(20)",7.48634338378906e-05,"Julia"
"876","array_construct(200)",5.19752502441406e-05,"Julia"
"877","mat_mult(200)",0.00476288795471191,"Julia"
"878","rand_mat_stat(1000)",0.0631568431854248,"Julia"
"879","inner(x, y)",0.02742600440979,"Julia"
"880","fib(20)",7.48634338378906e-05,"Julia"
"881","array_construct(200)",5.10215759277344e-05,"Julia"
"882","mat_mult(200)",0.0047609806060791,"Julia"
"883","rand_mat_stat(1000)",0.0377399921417236,"Julia"
"884","inner(x, y)",0.027411937713623,"Julia"
"885","fib(20)",7.48634338378906e-05,"Julia"
"886","array_construct(200)",5.00679016113281e-05,"Julia"
"887","mat_mult(200)",0.00477695465087891,"Julia"
"888","rand_mat_stat(1000)",0.0378351211547852,"Julia"
"889","inner(x, y)",0.0273950099945068,"Julia"
"890","fib(20)",7.41481781005859e-05,"Julia"
"891","array_construct(200)",5.10215759277344e-05,"Julia"
"892","mat_mult(200)",0.0047609806060791,"Julia"
"893","rand_mat_stat(1000)",0.0631859302520752,"Julia"
"894","inner(x, y)",0.0274050235748291,"Julia"
"895","fib(20)",7.51018524169922e-05,"Julia"
"896","array_construct(200)",5.10215759277344e-05,"Julia"
"897","mat_mult(200)",0.00475597381591797,"Julia"
"898","rand_mat_stat(1000)",0.037755012512207,"Julia"
"899","inner(x, y)",0.0273921489715576,"Julia"
"900","fib(20)",7.51018524169922e-05,"Julia"
"901","array_construct(200)",5.07831573486328e-05,"Julia"
"902","mat_mult(200)",0.00478100776672363,"Julia"
"903","rand_mat_stat(1000)",0.0631170272827148,"Julia"
"904","inner(x, y)",0.0273799896240234,"Julia"
"905","fib(20)",7.48634338378906e-05,"Julia"
"906","array_construct(200)",5.10215759277344e-05,"Julia"
"907","mat_mult(200)",0.00477695465087891,"Julia"
"908","rand_mat_stat(1000)",0.0380380153656006,"Julia"
"909","inner(x, y)",0.0275478363037109,"Julia"
"910","fib(20)",7.39097595214844e-05,"Julia"
"911","array_construct(200)",5.00679016113281e-05,"Julia"
"912","mat_mult(200)",0.0047609806060791,"Julia"
"913","rand_mat_stat(1000)",0.0382740497589111,"Julia"
"914","inner(x, y)",0.0288419723510742,"Julia"
"915","fib(20)",7.48634338378906e-05,"Julia"
"916","array_construct(200)",6.00814819335938e-05,"Julia"
"917","mat_mult(200)",0.00475597381591797,"Julia"
"918","rand_mat_stat(1000)",0.063154935836792,"Julia"
"919","inner(x, y)",0.0276350975036621,"Julia"
"920","fib(20)",7.51018524169922e-05,"Julia"
"921","array_construct(200)",5.00679016113281e-05,"Julia"
"922","mat_mult(200)",0.00476789474487305,"Julia"
"923","rand_mat_stat(1000)",0.0377709865570068,"Julia"
"924","inner(x, y)",0.0275449752807617,"Julia"
"925","fib(20)",7.48634338378906e-05,"Julia"
"926","array_construct(200)",5.10215759277344e-05,"Julia"
"927","mat_mult(200)",0.00477504730224609,"Julia"
"928","rand_mat_stat(1000)",0.0377190113067627,"Julia"
"929","inner(x, y)",0.0275068283081055,"Julia"
"930","fib(20)",7.39097595214844e-05,"Julia"
"931","array_construct(200)",4.98294830322266e-05,"Julia"
"932","mat_mult(200)",0.00474405288696289,"Julia"
"933","rand_mat_stat(1000)",0.06321120262146,"Julia"
"934","inner(x, y)",0.0278120040893555,"Julia"
"935","fib(20)",7.51018524169922e-05,"Julia"
"936","array_construct(200)",6.00814819335938e-05,"Julia"
"937","mat_mult(200)",0.00477886199951172,"Julia"
"938","rand_mat_stat(1000)",0.038006067276001,"Julia"
"939","inner(x, y)",0.0291199684143066,"Julia"
"940","fib(20)",7.51018524169922e-05,"Julia"
"941","array_construct(200)",5.10215759277344e-05,"Julia"
"942","mat_mult(200)",0.00478696823120117,"Julia"
"943","rand_mat_stat(1000)",0.0378990173339844,"Julia"
"944","inner(x, y)",0.0309121608734131,"Julia"
"945","fib(20)",7.48634338378906e-05,"Julia"
"946","array_construct(200)",5.00679016113281e-05,"Julia"
"947","mat_mult(200)",0.00476312637329102,"Julia"
"948","rand_mat_stat(1000)",0.0653440952301025,"Julia"
"949","inner(x, y)",0.0310530662536621,"Julia"
"950","fib(20)",7.51018524169922e-05,"Julia"
"951","array_construct(200)",5.00679016113281e-05,"Julia"
"952","mat_mult(200)",0.00476217269897461,"Julia"
"953","rand_mat_stat(1000)",0.0381159782409668,"Julia"
"954","inner(x, y)",0.0307350158691406,"Julia"
"955","fib(20)",7.48634338378906e-05,"Julia"
"956","array_construct(200)",5.10215759277344e-05,"Julia"
"957","mat_mult(200)",0.0047919750213623,"Julia"
"958","rand_mat_stat(1000)",0.0654671192169189,"Julia"
"959","inner(x, y)",0.0304238796234131,"Julia"
"960","fib(20)",7.51018524169922e-05,"Julia"
"961","array_construct(200)",5.00679016113281e-05,"Julia"
"962","mat_mult(200)",0.00481581687927246,"Julia"
"963","rand_mat_stat(1000)",0.0380969047546387,"Julia"
"964","inner(x, y)",0.0275270938873291,"Julia"
"965","fib(20)",7.51018524169922e-05,"Julia"
"966","array_construct(200)",4.98294830322266e-05,"Julia"
"967","mat_mult(200)",0.00476193428039551,"Julia"
"968","rand_mat_stat(1000)",0.0377140045166016,"Julia"
"969","inner(x, y)",0.0275070667266846,"Julia"
"970","fib(20)",7.51018524169922e-05,"Julia"
"971","array_construct(200)",4.91142272949219e-05,"Julia"
"972","mat_mult(200)",0.00475716590881348,"Julia"
"973","rand_mat_stat(1000)",0.0631089210510254,"Julia"
"974","inner(x, y)",0.0275139808654785,"Julia"
"975","fib(20)",7.48634338378906e-05,"Julia"
"976","array_construct(200)",5.00679016113281e-05,"Julia"
"977","mat_mult(200)",0.00476813316345215,"Julia"
"978","rand_mat_stat(1000)",0.0377740859985352,"Julia"
"979","inner(x, y)",0.0276410579681396,"Julia"
"980","fib(20)",7.48634338378906e-05,"Julia"
"981","array_construct(200)",5.07831573486328e-05,"Julia"
"982","mat_mult(200)",0.00478100776672363,"Julia"
"983","rand_mat_stat(1000)",0.0377860069274902,"Julia"
"984","inner(x, y)",0.0276591777801514,"Julia"
"985","fib(20)",7.51018524169922e-05,"Julia"
"986","array_construct(200)",5.00679016113281e-05,"Julia"
"987","mat_mult(200)",0.0047609806060791,"Julia"
"988","rand_mat_stat(1000)",0.063727855682373,"Julia"
"989","inner(x, y)",0.0281169414520264,"Julia"
"990","fib(20)",7.48634338378906e-05,"Julia"
"991","array_construct(200)",5.00679016113281e-05,"Julia"
"992","mat_mult(200)",0.00475502014160156,"Julia"
"993","rand_mat_stat(1000)",0.0378000736236572,"Julia"
"994","inner(x, y)",0.0282258987426758,"Julia"
"995","fib(20)",7.51018524169922e-05,"Julia"
"996","array_construct(200)",5.10215759277344e-05,"Julia"
"997","mat_mult(200)",0.00477695465087891,"Julia"
"998","rand_mat_stat(1000)",0.0377500057220459,"Julia"
"999","inner(x, y)",0.0282518863677979,"Julia"
