"","n","expr","time","lang"
"1",10,"inner(x, y)",0.017561717,"R"
"2",10,"inner(x, y)",7.027e-06,"R"
"3",10,"inner(x, y)",8.26e-07,"R"
"4",10,"inner(x, y)",7.2e-07,"R"
"5",10,"inner(x, y)",7.41e-07,"R"
"6",10,"inner(x, y)",7.46e-07,"R"
"7",10,"inner(x, y)",6.49e-07,"R"
"8",10,"inner(x, y)",7.77e-07,"R"
"9",10,"inner(x, y)",6.63e-07,"R"
"10",10,"inner(x, y)",6.55e-07,"R"
"11",10,"inner(x, y)",6.59e-07,"R"
"12",10,"inner(x, y)",6.57e-07,"R"
"13",10,"inner(x, y)",6.67e-07,"R"
"14",10,"inner(x, y)",7.93e-07,"R"
"15",10,"inner(x, y)",6.69e-07,"R"
"16",10,"inner(x, y)",6.6e-07,"R"
"17",10,"inner(x, y)",6.55e-07,"R"
"18",10,"inner(x, y)",6.55e-07,"R"
"19",10,"inner(x, y)",7.72e-07,"R"
"20",10,"inner(x, y)",6.58e-07,"R"
"21",10,"inner(x, y)",6.57e-07,"R"
"22",10,"inner(x, y)",6.58e-07,"R"
"23",10,"inner(x, y)",6.52e-07,"R"
"24",10,"inner(x, y)",6.55e-07,"R"
"25",10,"inner(x, y)",8.66e-07,"R"
"26",10,"inner(x, y)",8.15e-07,"R"
"27",10,"inner(x, y)",6.48e-07,"R"
"28",10,"inner(x, y)",6.55e-07,"R"
"29",10,"inner(x, y)",6.62e-07,"R"
"30",10,"inner(x, y)",6.55e-07,"R"
"31",10,"inner(x, y)",6.57e-07,"R"
"32",10,"inner(x, y)",6.57e-07,"R"
"33",10,"inner(x, y)",6.7e-07,"R"
"34",10,"inner(x, y)",6.62e-07,"R"
"35",10,"inner(x, y)",6.61e-07,"R"
"36",10,"inner(x, y)",6.7e-07,"R"
"37",10,"inner(x, y)",7.14e-07,"R"
"38",10,"inner(x, y)",7.14e-07,"R"
"39",10,"inner(x, y)",6.63e-07,"R"
"40",10,"inner(x, y)",6.53e-07,"R"
"41",10,"inner(x, y)",7.26e-07,"R"
"42",10,"inner(x, y)",7.27e-07,"R"
"43",10,"inner(x, y)",6.59e-07,"R"
"44",10,"inner(x, y)",6.53e-07,"R"
"45",10,"inner(x, y)",7.86e-07,"R"
"46",10,"inner(x, y)",6.48e-07,"R"
"47",10,"inner(x, y)",6.58e-07,"R"
"48",10,"inner(x, y)",6.57e-07,"R"
"49",10,"inner(x, y)",7.12e-07,"R"
"50",10,"inner(x, y)",6.56e-07,"R"
"51",10,"inner(x, y)",6.57e-07,"R"
"52",10,"inner(x, y)",7.76e-07,"R"
"53",10,"inner(x, y)",6.5e-07,"R"
"54",10,"inner(x, y)",6.52e-07,"R"
"55",10,"inner(x, y)",6.59e-07,"R"
"56",10,"inner(x, y)",6.65e-07,"R"
"57",10,"inner(x, y)",6.57e-07,"R"
"58",10,"inner(x, y)",7.45e-07,"R"
"59",10,"inner(x, y)",6.81e-07,"R"
"60",10,"inner(x, y)",6.65e-07,"R"
"61",10,"inner(x, y)",7.54e-07,"R"
"62",10,"inner(x, y)",6.93e-07,"R"
"63",10,"inner(x, y)",6.53e-07,"R"
"64",10,"inner(x, y)",7.44e-07,"R"
"65",10,"inner(x, y)",6.58e-07,"R"
"66",10,"inner(x, y)",6.64e-07,"R"
"67",10,"inner(x, y)",8.04e-07,"R"
"68",10,"inner(x, y)",6.87e-07,"R"
"69",10,"inner(x, y)",6.64e-07,"R"
"70",10,"inner(x, y)",6.61e-07,"R"
"71",10,"inner(x, y)",6.58e-07,"R"
"72",10,"inner(x, y)",7.75e-07,"R"
"73",10,"inner(x, y)",6.55e-07,"R"
"74",10,"inner(x, y)",6.76e-07,"R"
"75",10,"inner(x, y)",7.57e-07,"R"
"76",10,"inner(x, y)",6.59e-07,"R"
"77",10,"inner(x, y)",6.62e-07,"R"
"78",10,"inner(x, y)",6.57e-07,"R"
"79",10,"inner(x, y)",6.72e-07,"R"
"80",10,"inner(x, y)",6.59e-07,"R"
"81",10,"inner(x, y)",6.6e-07,"R"
"82",10,"inner(x, y)",7.35e-07,"R"
"83",10,"inner(x, y)",7.85e-07,"R"
"84",10,"inner(x, y)",6.61e-07,"R"
"85",10,"inner(x, y)",7.76e-07,"R"
"86",10,"inner(x, y)",6.62e-07,"R"
"87",10,"inner(x, y)",7.7e-07,"R"
"88",10,"inner(x, y)",7.36e-07,"R"
"89",10,"inner(x, y)",7.44e-07,"R"
"90",10,"inner(x, y)",7.27e-07,"R"
"91",10,"inner(x, y)",6.78e-07,"R"
"92",10,"inner(x, y)",6.54e-07,"R"
"93",10,"inner(x, y)",6.54e-07,"R"
"94",10,"inner(x, y)",7.17e-07,"R"
"95",10,"inner(x, y)",6.64e-07,"R"
"96",10,"inner(x, y)",6.69e-07,"R"
"97",10,"inner(x, y)",6.59e-07,"R"
"98",10,"inner(x, y)",6.58e-07,"R"
"99",10,"inner(x, y)",7.75e-07,"R"
"100",10,"inner(x, y)",6.53e-07,"R"
"101",100,"inner(x, y)",5.401e-06,"R"
"102",100,"inner(x, y)",1.99e-06,"R"
"103",100,"inner(x, y)",1.861e-06,"R"
"104",100,"inner(x, y)",1.843e-06,"R"
"105",100,"inner(x, y)",1.679e-06,"R"
"106",100,"inner(x, y)",1.681e-06,"R"
"107",100,"inner(x, y)",1.676e-06,"R"
"108",100,"inner(x, y)",1.791e-06,"R"
"109",100,"inner(x, y)",1.776e-06,"R"
"110",100,"inner(x, y)",1.746e-06,"R"
"111",100,"inner(x, y)",1.669e-06,"R"
"112",100,"inner(x, y)",1.705e-06,"R"
"113",100,"inner(x, y)",1.66e-06,"R"
"114",100,"inner(x, y)",1.675e-06,"R"
"115",100,"inner(x, y)",1.818e-06,"R"
"116",100,"inner(x, y)",1.68e-06,"R"
"117",100,"inner(x, y)",1.668e-06,"R"
"118",100,"inner(x, y)",1.674e-06,"R"
"119",100,"inner(x, y)",1.666e-06,"R"
"120",100,"inner(x, y)",1.678e-06,"R"
"121",100,"inner(x, y)",1.794e-06,"R"
"122",100,"inner(x, y)",1.699e-06,"R"
"123",100,"inner(x, y)",1.679e-06,"R"
"124",100,"inner(x, y)",1.682e-06,"R"
"125",100,"inner(x, y)",1.66e-06,"R"
"126",100,"inner(x, y)",1.776e-06,"R"
"127",100,"inner(x, y)",1.745e-06,"R"
"128",100,"inner(x, y)",1.75e-06,"R"
"129",100,"inner(x, y)",1.667e-06,"R"
"130",100,"inner(x, y)",1.676e-06,"R"
"131",100,"inner(x, y)",1.659e-06,"R"
"132",100,"inner(x, y)",1.764e-06,"R"
"133",100,"inner(x, y)",1.672e-06,"R"
"134",100,"inner(x, y)",1.677e-06,"R"
"135",100,"inner(x, y)",1.664e-06,"R"
"136",100,"inner(x, y)",1.692e-06,"R"
"137",100,"inner(x, y)",1.675e-06,"R"
"138",100,"inner(x, y)",1.675e-06,"R"
"139",100,"inner(x, y)",1.687e-06,"R"
"140",100,"inner(x, y)",1.688e-06,"R"
"141",100,"inner(x, y)",1.674e-06,"R"
"142",100,"inner(x, y)",1.693e-06,"R"
"143",100,"inner(x, y)",1.666e-06,"R"
"144",100,"inner(x, y)",1.749e-06,"R"
"145",100,"inner(x, y)",1.674e-06,"R"
"146",100,"inner(x, y)",1.676e-06,"R"
"147",100,"inner(x, y)",1.746e-06,"R"
"148",100,"inner(x, y)",1.806e-06,"R"
"149",100,"inner(x, y)",1.671e-06,"R"
"150",100,"inner(x, y)",1.673e-06,"R"
"151",100,"inner(x, y)",1.675e-06,"R"
"152",100,"inner(x, y)",1.676e-06,"R"
"153",100,"inner(x, y)",1.695e-06,"R"
"154",100,"inner(x, y)",1.674e-06,"R"
"155",100,"inner(x, y)",1.736e-06,"R"
"156",100,"inner(x, y)",1.828e-06,"R"
"157",100,"inner(x, y)",1.675e-06,"R"
"158",100,"inner(x, y)",1.675e-06,"R"
"159",100,"inner(x, y)",1.675e-06,"R"
"160",100,"inner(x, y)",1.689e-06,"R"
"161",100,"inner(x, y)",1.676e-06,"R"
"162",100,"inner(x, y)",1.823e-06,"R"
"163",100,"inner(x, y)",1.828e-06,"R"
"164",100,"inner(x, y)",1.679e-06,"R"
"165",100,"inner(x, y)",1.679e-06,"R"
"166",100,"inner(x, y)",1.672e-06,"R"
"167",100,"inner(x, y)",1.771e-06,"R"
"168",100,"inner(x, y)",1.701e-06,"R"
"169",100,"inner(x, y)",1.674e-06,"R"
"170",100,"inner(x, y)",1.668e-06,"R"
"171",100,"inner(x, y)",1.755e-06,"R"
"172",100,"inner(x, y)",1.821e-06,"R"
"173",100,"inner(x, y)",1.711e-06,"R"
"174",100,"inner(x, y)",1.676e-06,"R"
"175",100,"inner(x, y)",1.672e-06,"R"
"176",100,"inner(x, y)",1.678e-06,"R"
"177",100,"inner(x, y)",1.688e-06,"R"
"178",100,"inner(x, y)",1.67e-06,"R"
"179",100,"inner(x, y)",1.771e-06,"R"
"180",100,"inner(x, y)",1.686e-06,"R"
"181",100,"inner(x, y)",1.684e-06,"R"
"182",100,"inner(x, y)",1.676e-06,"R"
"183",100,"inner(x, y)",1.678e-06,"R"
"184",100,"inner(x, y)",1.673e-06,"R"
"185",100,"inner(x, y)",1.68e-06,"R"
"186",100,"inner(x, y)",1.677e-06,"R"
"187",100,"inner(x, y)",1.681e-06,"R"
"188",100,"inner(x, y)",1.67e-06,"R"
"189",100,"inner(x, y)",1.679e-06,"R"
"190",100,"inner(x, y)",1.674e-06,"R"
"191",100,"inner(x, y)",1.768e-06,"R"
"192",100,"inner(x, y)",1.78e-06,"R"
"193",100,"inner(x, y)",1.829e-06,"R"
"194",100,"inner(x, y)",1.825e-06,"R"
"195",100,"inner(x, y)",1.713e-06,"R"
"196",100,"inner(x, y)",1.707e-06,"R"
"197",100,"inner(x, y)",1.673e-06,"R"
"198",100,"inner(x, y)",1.682e-06,"R"
"199",100,"inner(x, y)",1.674e-06,"R"
"200",100,"inner(x, y)",1.673e-06,"R"
"201",500,"inner(x, y)",1.0274e-05,"R"
"202",500,"inner(x, y)",6.486e-06,"R"
"203",500,"inner(x, y)",6.126e-06,"R"
"204",500,"inner(x, y)",6.145e-06,"R"
"205",500,"inner(x, y)",5.969e-06,"R"
"206",500,"inner(x, y)",6.025e-06,"R"
"207",500,"inner(x, y)",5.973e-06,"R"
"208",500,"inner(x, y)",6.113e-06,"R"
"209",500,"inner(x, y)",6.079e-06,"R"
"210",500,"inner(x, y)",6.1e-06,"R"
"211",500,"inner(x, y)",5.979e-06,"R"
"212",500,"inner(x, y)",6.1e-06,"R"
"213",500,"inner(x, y)",6.095e-06,"R"
"214",500,"inner(x, y)",5.991e-06,"R"
"215",500,"inner(x, y)",6.177e-06,"R"
"216",500,"inner(x, y)",6.12e-06,"R"
"217",500,"inner(x, y)",6.092e-06,"R"
"218",500,"inner(x, y)",5.994e-06,"R"
"219",500,"inner(x, y)",6.092e-06,"R"
"220",500,"inner(x, y)",6.092e-06,"R"
"221",500,"inner(x, y)",6.21e-06,"R"
"222",500,"inner(x, y)",5.988e-06,"R"
"223",500,"inner(x, y)",6.094e-06,"R"
"224",500,"inner(x, y)",6.098e-06,"R"
"225",500,"inner(x, y)",6.095e-06,"R"
"226",500,"inner(x, y)",6.087e-06,"R"
"227",500,"inner(x, y)",6.181e-06,"R"
"228",500,"inner(x, y)",6.167e-06,"R"
"229",500,"inner(x, y)",6.112e-06,"R"
"230",500,"inner(x, y)",6.002e-06,"R"
"231",500,"inner(x, y)",6.099e-06,"R"
"232",500,"inner(x, y)",6.169e-06,"R"
"233",500,"inner(x, y)",6.1e-06,"R"
"234",500,"inner(x, y)",5.987e-06,"R"
"235",500,"inner(x, y)",6.095e-06,"R"
"236",500,"inner(x, y)",6.099e-06,"R"
"237",500,"inner(x, y)",6.1e-06,"R"
"238",500,"inner(x, y)",5.993e-06,"R"
"239",500,"inner(x, y)",6.116e-06,"R"
"240",500,"inner(x, y)",6.099e-06,"R"
"241",500,"inner(x, y)",5.963e-06,"R"
"242",500,"inner(x, y)",6.312e-06,"R"
"243",500,"inner(x, y)",6.139e-06,"R"
"244",500,"inner(x, y)",6.266e-06,"R"
"245",500,"inner(x, y)",6.113e-06,"R"
"246",500,"inner(x, y)",5.998e-06,"R"
"247",500,"inner(x, y)",6.197e-06,"R"
"248",500,"inner(x, y)",6.131e-06,"R"
"249",500,"inner(x, y)",6.11e-06,"R"
"250",500,"inner(x, y)",6.106e-06,"R"
"251",500,"inner(x, y)",6.097e-06,"R"
"252",500,"inner(x, y)",6.016e-06,"R"
"253",500,"inner(x, y)",6.113e-06,"R"
"254",500,"inner(x, y)",6.099e-06,"R"
"255",500,"inner(x, y)",6.082e-06,"R"
"256",500,"inner(x, y)",6.129e-06,"R"
"257",500,"inner(x, y)",5.968e-06,"R"
"258",500,"inner(x, y)",5.996e-06,"R"
"259",500,"inner(x, y)",5.975e-06,"R"
"260",500,"inner(x, y)",5.997e-06,"R"
"261",500,"inner(x, y)",5.979e-06,"R"
"262",500,"inner(x, y)",6.335e-06,"R"
"263",500,"inner(x, y)",6.132e-06,"R"
"264",500,"inner(x, y)",5.973e-06,"R"
"265",500,"inner(x, y)",6.019e-06,"R"
"266",500,"inner(x, y)",5.978e-06,"R"
"267",500,"inner(x, y)",6.069e-06,"R"
"268",500,"inner(x, y)",6.048e-06,"R"
"269",500,"inner(x, y)",6.006e-06,"R"
"270",500,"inner(x, y)",5.973e-06,"R"
"271",500,"inner(x, y)",6.181e-06,"R"
"272",500,"inner(x, y)",6.121e-06,"R"
"273",500,"inner(x, y)",6.023e-06,"R"
"274",500,"inner(x, y)",5.961e-06,"R"
"275",500,"inner(x, y)",5.998e-06,"R"
"276",500,"inner(x, y)",5.97e-06,"R"
"277",500,"inner(x, y)",5.986e-06,"R"
"278",500,"inner(x, y)",5.965e-06,"R"
"279",500,"inner(x, y)",6.062e-06,"R"
"280",500,"inner(x, y)",5.98e-06,"R"
"281",500,"inner(x, y)",6e-06,"R"
"282",500,"inner(x, y)",5.974e-06,"R"
"283",500,"inner(x, y)",5.987e-06,"R"
"284",500,"inner(x, y)",6.101e-06,"R"
"285",500,"inner(x, y)",5.99e-06,"R"
"286",500,"inner(x, y)",5.959e-06,"R"
"287",500,"inner(x, y)",5.996e-06,"R"
"288",500,"inner(x, y)",5.975e-06,"R"
"289",500,"inner(x, y)",5.993e-06,"R"
"290",500,"inner(x, y)",5.968e-06,"R"
"291",500,"inner(x, y)",6.103e-06,"R"
"292",500,"inner(x, y)",6.098e-06,"R"
"293",500,"inner(x, y)",6.264e-06,"R"
"294",500,"inner(x, y)",6.312e-06,"R"
"295",500,"inner(x, y)",6.136e-06,"R"
"296",500,"inner(x, y)",6.119e-06,"R"
"297",500,"inner(x, y)",6.093e-06,"R"
"298",500,"inner(x, y)",6.095e-06,"R"
"299",500,"inner(x, y)",6.066e-06,"R"
"300",500,"inner(x, y)",6.062e-06,"R"
"301",1000,"inner(x, y)",1.565e-05,"R"
"302",1000,"inner(x, y)",1.1666e-05,"R"
"303",1000,"inner(x, y)",1.1698e-05,"R"
"304",1000,"inner(x, y)",1.1722e-05,"R"
"305",1000,"inner(x, y)",1.1631e-05,"R"
"306",1000,"inner(x, y)",1.141e-05,"R"
"307",1000,"inner(x, y)",1.1464e-05,"R"
"308",1000,"inner(x, y)",1.1487e-05,"R"
"309",1000,"inner(x, y)",1.1661e-05,"R"
"310",1000,"inner(x, y)",1.1467e-05,"R"
"311",1000,"inner(x, y)",1.1442e-05,"R"
"312",1000,"inner(x, y)",1.147e-05,"R"
"313",1000,"inner(x, y)",1.1539e-05,"R"
"314",1000,"inner(x, y)",1.1643e-05,"R"
"315",1000,"inner(x, y)",1.1661e-05,"R"
"316",1000,"inner(x, y)",1.148e-05,"R"
"317",1000,"inner(x, y)",1.153e-05,"R"
"318",1000,"inner(x, y)",1.164e-05,"R"
"319",1000,"inner(x, y)",1.1602e-05,"R"
"320",1000,"inner(x, y)",1.1476e-05,"R"
"321",1000,"inner(x, y)",1.1667e-05,"R"
"322",1000,"inner(x, y)",1.1575e-05,"R"
"323",1000,"inner(x, y)",1.1577e-05,"R"
"324",1000,"inner(x, y)",1.1501e-05,"R"
"325",1000,"inner(x, y)",1.1569e-05,"R"
"326",1000,"inner(x, y)",1.1714e-05,"R"
"327",1000,"inner(x, y)",1.1527e-05,"R"
"328",1000,"inner(x, y)",1.181e-05,"R"
"329",1000,"inner(x, y)",1.1609e-05,"R"
"330",1000,"inner(x, y)",1.1621e-05,"R"
"331",1000,"inner(x, y)",1.1583e-05,"R"
"332",1000,"inner(x, y)",1.158e-05,"R"
"333",1000,"inner(x, y)",1.1495e-05,"R"
"334",1000,"inner(x, y)",1.1623e-05,"R"
"335",1000,"inner(x, y)",1.1571e-05,"R"
"336",1000,"inner(x, y)",1.1677e-05,"R"
"337",1000,"inner(x, y)",1.161e-05,"R"
"338",1000,"inner(x, y)",1.1647e-05,"R"
"339",1000,"inner(x, y)",1.1555e-05,"R"
"340",1000,"inner(x, y)",1.1502e-05,"R"
"341",1000,"inner(x, y)",1.1451e-05,"R"
"342",1000,"inner(x, y)",1.1668e-05,"R"
"343",1000,"inner(x, y)",1.1524e-05,"R"
"344",1000,"inner(x, y)",1.1752e-05,"R"
"345",1000,"inner(x, y)",1.1622e-05,"R"
"346",1000,"inner(x, y)",1.1358e-05,"R"
"347",1000,"inner(x, y)",1.161e-05,"R"
"348",1000,"inner(x, y)",1.1759e-05,"R"
"349",1000,"inner(x, y)",1.1354e-05,"R"
"350",1000,"inner(x, y)",1.1632e-05,"R"
"351",1000,"inner(x, y)",1.164e-05,"R"
"352",1000,"inner(x, y)",1.1715e-05,"R"
"353",1000,"inner(x, y)",1.1362e-05,"R"
"354",1000,"inner(x, y)",1.1441e-05,"R"
"355",1000,"inner(x, y)",1.17e-05,"R"
"356",1000,"inner(x, y)",1.1978e-05,"R"
"357",1000,"inner(x, y)",1.1612e-05,"R"
"358",1000,"inner(x, y)",1.1366e-05,"R"
"359",1000,"inner(x, y)",1.1356e-05,"R"
"360",1000,"inner(x, y)",1.1522e-05,"R"
"361",1000,"inner(x, y)",1.1605e-05,"R"
"362",1000,"inner(x, y)",1.1529e-05,"R"
"363",1000,"inner(x, y)",1.1766e-05,"R"
"364",1000,"inner(x, y)",1.1344e-05,"R"
"365",1000,"inner(x, y)",1.1356e-05,"R"
"366",1000,"inner(x, y)",1.1504e-05,"R"
"367",1000,"inner(x, y)",1.1637e-05,"R"
"368",1000,"inner(x, y)",1.171e-05,"R"
"369",1000,"inner(x, y)",1.1357e-05,"R"
"370",1000,"inner(x, y)",1.1439e-05,"R"
"371",1000,"inner(x, y)",1.1722e-05,"R"
"372",1000,"inner(x, y)",1.1498e-05,"R"
"373",1000,"inner(x, y)",1.1486e-05,"R"
"374",1000,"inner(x, y)",1.1604e-05,"R"
"375",1000,"inner(x, y)",1.1367e-05,"R"
"376",1000,"inner(x, y)",1.1391e-05,"R"
"377",1000,"inner(x, y)",1.1656e-05,"R"
"378",1000,"inner(x, y)",1.1598e-05,"R"
"379",1000,"inner(x, y)",1.14e-05,"R"
"380",1000,"inner(x, y)",1.1359e-05,"R"
"381",1000,"inner(x, y)",1.1551e-05,"R"
"382",1000,"inner(x, y)",1.1627e-05,"R"
"383",1000,"inner(x, y)",1.1424e-05,"R"
"384",1000,"inner(x, y)",1.1459e-05,"R"
"385",1000,"inner(x, y)",1.1635e-05,"R"
"386",1000,"inner(x, y)",1.1629e-05,"R"
"387",1000,"inner(x, y)",1.1408e-05,"R"
"388",1000,"inner(x, y)",1.1336e-05,"R"
"389",1000,"inner(x, y)",1.1512e-05,"R"
"390",1000,"inner(x, y)",1.1627e-05,"R"
"391",1000,"inner(x, y)",1.1663e-05,"R"
"392",1000,"inner(x, y)",1.1723e-05,"R"
"393",1000,"inner(x, y)",1.1765e-05,"R"
"394",1000,"inner(x, y)",1.1571e-05,"R"
"395",1000,"inner(x, y)",1.1485e-05,"R"
"396",1000,"inner(x, y)",1.1414e-05,"R"
"397",1000,"inner(x, y)",1.1353e-05,"R"
"398",1000,"inner(x, y)",1.1356e-05,"R"
"399",1000,"inner(x, y)",1.1348e-05,"R"
"400",1000,"inner(x, y)",1.1766e-05,"R"
"401",5000,"inner(x, y)",6.3085e-05,"R"
"402",5000,"inner(x, y)",5.6135e-05,"R"
"403",5000,"inner(x, y)",5.6025e-05,"R"
"404",5000,"inner(x, y)",5.8674e-05,"R"
"405",5000,"inner(x, y)",5.6308e-05,"R"
"406",5000,"inner(x, y)",5.5913e-05,"R"
"407",5000,"inner(x, y)",5.6509e-05,"R"
"408",5000,"inner(x, y)",5.5962e-05,"R"
"409",5000,"inner(x, y)",5.6265e-05,"R"
"410",5000,"inner(x, y)",5.6283e-05,"R"
"411",5000,"inner(x, y)",5.6275e-05,"R"
"412",5000,"inner(x, y)",5.6038e-05,"R"
"413",5000,"inner(x, y)",5.5876e-05,"R"
"414",5000,"inner(x, y)",5.5793e-05,"R"
"415",5000,"inner(x, y)",5.6089e-05,"R"
"416",5000,"inner(x, y)",5.6016e-05,"R"
"417",5000,"inner(x, y)",5.5903e-05,"R"
"418",5000,"inner(x, y)",5.5901e-05,"R"
"419",5000,"inner(x, y)",5.6042e-05,"R"
"420",5000,"inner(x, y)",5.5969e-05,"R"
"421",5000,"inner(x, y)",5.6116e-05,"R"
"422",5000,"inner(x, y)",5.606e-05,"R"
"423",5000,"inner(x, y)",5.5919e-05,"R"
"424",5000,"inner(x, y)",5.6091e-05,"R"
"425",5000,"inner(x, y)",5.6034e-05,"R"
"426",5000,"inner(x, y)",5.6035e-05,"R"
"427",5000,"inner(x, y)",5.6031e-05,"R"
"428",5000,"inner(x, y)",5.5955e-05,"R"
"429",5000,"inner(x, y)",5.5919e-05,"R"
"430",5000,"inner(x, y)",5.5938e-05,"R"
"431",5000,"inner(x, y)",5.6027e-05,"R"
"432",5000,"inner(x, y)",5.5901e-05,"R"
"433",5000,"inner(x, y)",5.5811e-05,"R"
"434",5000,"inner(x, y)",5.5961e-05,"R"
"435",5000,"inner(x, y)",5.5959e-05,"R"
"436",5000,"inner(x, y)",5.6007e-05,"R"
"437",5000,"inner(x, y)",5.5843e-05,"R"
"438",5000,"inner(x, y)",5.5858e-05,"R"
"439",5000,"inner(x, y)",5.6029e-05,"R"
"440",5000,"inner(x, y)",5.5766e-05,"R"
"441",5000,"inner(x, y)",5.5838e-05,"R"
"442",5000,"inner(x, y)",5.6006e-05,"R"
"443",5000,"inner(x, y)",5.5975e-05,"R"
"444",5000,"inner(x, y)",5.6017e-05,"R"
"445",5000,"inner(x, y)",5.6074e-05,"R"
"446",5000,"inner(x, y)",5.6053e-05,"R"
"447",5000,"inner(x, y)",5.5832e-05,"R"
"448",5000,"inner(x, y)",5.5942e-05,"R"
"449",5000,"inner(x, y)",5.5718e-05,"R"
"450",5000,"inner(x, y)",5.5892e-05,"R"
"451",5000,"inner(x, y)",5.5844e-05,"R"
"452",5000,"inner(x, y)",5.5765e-05,"R"
"453",5000,"inner(x, y)",5.5972e-05,"R"
"454",5000,"inner(x, y)",5.573e-05,"R"
"455",5000,"inner(x, y)",5.6135e-05,"R"
"456",5000,"inner(x, y)",5.6285e-05,"R"
"457",5000,"inner(x, y)",5.6405e-05,"R"
"458",5000,"inner(x, y)",5.61e-05,"R"
"459",5000,"inner(x, y)",5.641e-05,"R"
"460",5000,"inner(x, y)",5.5873e-05,"R"
"461",5000,"inner(x, y)",5.6169e-05,"R"
"462",5000,"inner(x, y)",5.6036e-05,"R"
"463",5000,"inner(x, y)",5.6469e-05,"R"
"464",5000,"inner(x, y)",5.6271e-05,"R"
"465",5000,"inner(x, y)",5.6042e-05,"R"
"466",5000,"inner(x, y)",5.6034e-05,"R"
"467",5000,"inner(x, y)",5.5881e-05,"R"
"468",5000,"inner(x, y)",5.6113e-05,"R"
"469",5000,"inner(x, y)",5.608e-05,"R"
"470",5000,"inner(x, y)",5.6107e-05,"R"
"471",5000,"inner(x, y)",5.6142e-05,"R"
"472",5000,"inner(x, y)",5.6258e-05,"R"
"473",5000,"inner(x, y)",5.6231e-05,"R"
"474",5000,"inner(x, y)",5.6303e-05,"R"
"475",5000,"inner(x, y)",5.8149e-05,"R"
"476",5000,"inner(x, y)",5.6303e-05,"R"
"477",5000,"inner(x, y)",5.6086e-05,"R"
"478",5000,"inner(x, y)",5.6134e-05,"R"
"479",5000,"inner(x, y)",5.6322e-05,"R"
"480",5000,"inner(x, y)",5.6358e-05,"R"
"481",5000,"inner(x, y)",5.5932e-05,"R"
"482",5000,"inner(x, y)",5.6216e-05,"R"
"483",5000,"inner(x, y)",5.6114e-05,"R"
"484",5000,"inner(x, y)",5.618e-05,"R"
"485",5000,"inner(x, y)",5.6156e-05,"R"
"486",5000,"inner(x, y)",5.6372e-05,"R"
"487",5000,"inner(x, y)",5.6137e-05,"R"
"488",5000,"inner(x, y)",5.6428e-05,"R"
"489",5000,"inner(x, y)",5.6177e-05,"R"
"490",5000,"inner(x, y)",5.6117e-05,"R"
"491",5000,"inner(x, y)",5.6168e-05,"R"
"492",5000,"inner(x, y)",5.6297e-05,"R"
"493",5000,"inner(x, y)",5.6379e-05,"R"
"494",5000,"inner(x, y)",5.6279e-05,"R"
"495",5000,"inner(x, y)",5.631e-05,"R"
"496",5000,"inner(x, y)",5.6032e-05,"R"
"497",5000,"inner(x, y)",5.6188e-05,"R"
"498",5000,"inner(x, y)",5.6e-05,"R"
"499",5000,"inner(x, y)",5.613e-05,"R"
"500",5000,"inner(x, y)",5.6189e-05,"R"
"501",10000,"inner(x, y)",0.000123492,"R"
"502",10000,"inner(x, y)",0.000113418,"R"
"503",10000,"inner(x, y)",0.000112696,"R"
"504",10000,"inner(x, y)",0.00011292,"R"
"505",10000,"inner(x, y)",0.000113026,"R"
"506",10000,"inner(x, y)",0.000112866,"R"
"507",10000,"inner(x, y)",0.000112481,"R"
"508",10000,"inner(x, y)",0.000112857,"R"
"509",10000,"inner(x, y)",0.000113404,"R"
"510",10000,"inner(x, y)",0.000112881,"R"
"511",10000,"inner(x, y)",0.000112378,"R"
"512",10000,"inner(x, y)",0.000112016,"R"
"513",10000,"inner(x, y)",0.000112003,"R"
"514",10000,"inner(x, y)",0.000112095,"R"
"515",10000,"inner(x, y)",0.000112986,"R"
"516",10000,"inner(x, y)",0.000111943,"R"
"517",10000,"inner(x, y)",0.000112056,"R"
"518",10000,"inner(x, y)",0.000112071,"R"
"519",10000,"inner(x, y)",0.000112668,"R"
"520",10000,"inner(x, y)",0.00011181,"R"
"521",10000,"inner(x, y)",0.000112776,"R"
"522",10000,"inner(x, y)",0.000112042,"R"
"523",10000,"inner(x, y)",0.000113389,"R"
"524",10000,"inner(x, y)",0.000111778,"R"
"525",10000,"inner(x, y)",0.000112392,"R"
"526",10000,"inner(x, y)",0.000112189,"R"
"527",10000,"inner(x, y)",0.000112777,"R"
"528",10000,"inner(x, y)",0.000112028,"R"
"529",10000,"inner(x, y)",0.000112744,"R"
"530",10000,"inner(x, y)",0.000117367,"R"
"531",10000,"inner(x, y)",0.000113419,"R"
"532",10000,"inner(x, y)",0.00011198,"R"
"533",10000,"inner(x, y)",0.000112608,"R"
"534",10000,"inner(x, y)",0.000112078,"R"
"535",10000,"inner(x, y)",0.00011252,"R"
"536",10000,"inner(x, y)",0.000111768,"R"
"537",10000,"inner(x, y)",0.000112641,"R"
"538",10000,"inner(x, y)",0.000112074,"R"
"539",10000,"inner(x, y)",0.000112757,"R"
"540",10000,"inner(x, y)",0.000111826,"R"
"541",10000,"inner(x, y)",0.000112436,"R"
"542",10000,"inner(x, y)",0.000112133,"R"
"543",10000,"inner(x, y)",0.00011242,"R"
"544",10000,"inner(x, y)",0.000112077,"R"
"545",10000,"inner(x, y)",0.000112241,"R"
"546",10000,"inner(x, y)",0.000111969,"R"
"547",10000,"inner(x, y)",0.000113236,"R"
"548",10000,"inner(x, y)",0.00011224,"R"
"549",10000,"inner(x, y)",0.000112193,"R"
"550",10000,"inner(x, y)",0.000111955,"R"
"551",10000,"inner(x, y)",0.000112245,"R"
"552",10000,"inner(x, y)",0.000112076,"R"
"553",10000,"inner(x, y)",0.000112548,"R"
"554",10000,"inner(x, y)",0.000112142,"R"
"555",10000,"inner(x, y)",0.000112279,"R"
"556",10000,"inner(x, y)",0.000112941,"R"
"557",10000,"inner(x, y)",0.000113534,"R"
"558",10000,"inner(x, y)",0.000112839,"R"
"559",10000,"inner(x, y)",0.000112483,"R"
"560",10000,"inner(x, y)",0.000112808,"R"
"561",10000,"inner(x, y)",0.000113035,"R"
"562",10000,"inner(x, y)",0.000112958,"R"
"563",10000,"inner(x, y)",0.000112576,"R"
"564",10000,"inner(x, y)",0.000113342,"R"
"565",10000,"inner(x, y)",0.000112785,"R"
"566",10000,"inner(x, y)",0.000117506,"R"
"567",10000,"inner(x, y)",0.000113143,"R"
"568",10000,"inner(x, y)",0.000112955,"R"
"569",10000,"inner(x, y)",0.000112859,"R"
"570",10000,"inner(x, y)",0.00011238,"R"
"571",10000,"inner(x, y)",0.000112924,"R"
"572",10000,"inner(x, y)",0.000113075,"R"
"573",10000,"inner(x, y)",0.000112918,"R"
"574",10000,"inner(x, y)",0.000113535,"R"
"575",10000,"inner(x, y)",0.00011279,"R"
"576",10000,"inner(x, y)",0.000112271,"R"
"577",10000,"inner(x, y)",0.000112799,"R"
"578",10000,"inner(x, y)",0.000113265,"R"
"579",10000,"inner(x, y)",0.000112882,"R"
"580",10000,"inner(x, y)",0.000111991,"R"
"581",10000,"inner(x, y)",0.000112812,"R"
"582",10000,"inner(x, y)",0.000113442,"R"
"583",10000,"inner(x, y)",0.000112726,"R"
"584",10000,"inner(x, y)",0.000112108,"R"
"585",10000,"inner(x, y)",0.00011282,"R"
"586",10000,"inner(x, y)",0.000113606,"R"
"587",10000,"inner(x, y)",0.000112894,"R"
"588",10000,"inner(x, y)",0.00011228,"R"
"589",10000,"inner(x, y)",0.000112866,"R"
"590",10000,"inner(x, y)",0.000113623,"R"
"591",10000,"inner(x, y)",0.000112971,"R"
"592",10000,"inner(x, y)",0.000112832,"R"
"593",10000,"inner(x, y)",0.000113186,"R"
"594",10000,"inner(x, y)",0.000113068,"R"
"595",10000,"inner(x, y)",0.000112761,"R"
"596",10000,"inner(x, y)",0.000112843,"R"
"597",10000,"inner(x, y)",0.000112251,"R"
"598",10000,"inner(x, y)",0.000112795,"R"
"599",10000,"inner(x, y)",0.000112639,"R"
"600",10000,"inner(x, y)",0.000112784,"R"
"601",1e+05,"inner(x, y)",0.001236816,"R"
"602",1e+05,"inner(x, y)",0.001208084,"R"
"603",1e+05,"inner(x, y)",0.001209291,"R"
"604",1e+05,"inner(x, y)",0.001201878,"R"
"605",1e+05,"inner(x, y)",0.001194387,"R"
"606",1e+05,"inner(x, y)",0.001206708,"R"
"607",1e+05,"inner(x, y)",0.001210438,"R"
"608",1e+05,"inner(x, y)",0.001196446,"R"
"609",1e+05,"inner(x, y)",0.001194391,"R"
"610",1e+05,"inner(x, y)",0.001219979,"R"
"611",1e+05,"inner(x, y)",0.001197735,"R"
"612",1e+05,"inner(x, y)",0.001195857,"R"
"613",1e+05,"inner(x, y)",0.001225734,"R"
"614",1e+05,"inner(x, y)",0.001201302,"R"
"615",1e+05,"inner(x, y)",0.001198098,"R"
"616",1e+05,"inner(x, y)",0.001197237,"R"
"617",1e+05,"inner(x, y)",0.001207113,"R"
"618",1e+05,"inner(x, y)",0.001195957,"R"
"619",1e+05,"inner(x, y)",0.001196004,"R"
"620",1e+05,"inner(x, y)",0.001220266,"R"
"621",1e+05,"inner(x, y)",0.001199384,"R"
"622",1e+05,"inner(x, y)",0.001196785,"R"
"623",1e+05,"inner(x, y)",0.001205882,"R"
"624",1e+05,"inner(x, y)",0.001196478,"R"
"625",1e+05,"inner(x, y)",0.001195963,"R"
"626",1e+05,"inner(x, y)",0.001201877,"R"
"627",1e+05,"inner(x, y)",0.001235932,"R"
"628",1e+05,"inner(x, y)",0.001199289,"R"
"629",1e+05,"inner(x, y)",0.001196513,"R"
"630",1e+05,"inner(x, y)",0.001219134,"R"
"631",1e+05,"inner(x, y)",0.001200143,"R"
"632",1e+05,"inner(x, y)",0.001194199,"R"
"633",1e+05,"inner(x, y)",0.001206866,"R"
"634",1e+05,"inner(x, y)",0.001198231,"R"
"635",1e+05,"inner(x, y)",0.001194924,"R"
"636",1e+05,"inner(x, y)",0.001195113,"R"
"637",1e+05,"inner(x, y)",0.001206896,"R"
"638",1e+05,"inner(x, y)",0.001197285,"R"
"639",1e+05,"inner(x, y)",0.001206569,"R"
"640",1e+05,"inner(x, y)",0.00123351,"R"
"641",1e+05,"inner(x, y)",0.001232622,"R"
"642",1e+05,"inner(x, y)",0.001208243,"R"
"643",1e+05,"inner(x, y)",0.0012254,"R"
"644",1e+05,"inner(x, y)",0.001243454,"R"
"645",1e+05,"inner(x, y)",0.001212519,"R"
"646",1e+05,"inner(x, y)",0.001466948,"R"
"647",1e+05,"inner(x, y)",0.001215572,"R"
"648",1e+05,"inner(x, y)",0.001222304,"R"
"649",1e+05,"inner(x, y)",0.001198563,"R"
"650",1e+05,"inner(x, y)",0.001237261,"R"
"651",1e+05,"inner(x, y)",0.001201687,"R"
"652",1e+05,"inner(x, y)",0.001198998,"R"
"653",1e+05,"inner(x, y)",0.001228934,"R"
"654",1e+05,"inner(x, y)",0.001255574,"R"
"655",1e+05,"inner(x, y)",0.001204826,"R"
"656",1e+05,"inner(x, y)",0.001214082,"R"
"657",1e+05,"inner(x, y)",0.001196322,"R"
"658",1e+05,"inner(x, y)",0.00121107,"R"
"659",1e+05,"inner(x, y)",0.00149475,"R"
"660",1e+05,"inner(x, y)",0.001198773,"R"
"661",1e+05,"inner(x, y)",0.001193576,"R"
"662",1e+05,"inner(x, y)",0.001196358,"R"
"663",1e+05,"inner(x, y)",0.001198308,"R"
"664",1e+05,"inner(x, y)",0.001194818,"R"
"665",1e+05,"inner(x, y)",0.001196019,"R"
"666",1e+05,"inner(x, y)",0.001202865,"R"
"667",1e+05,"inner(x, y)",0.001203989,"R"
"668",1e+05,"inner(x, y)",0.001256888,"R"
"669",1e+05,"inner(x, y)",0.001227122,"R"
"670",1e+05,"inner(x, y)",0.001199914,"R"
"671",1e+05,"inner(x, y)",0.001197825,"R"
"672",1e+05,"inner(x, y)",0.001207582,"R"
"673",1e+05,"inner(x, y)",0.001201088,"R"
"674",1e+05,"inner(x, y)",0.001196696,"R"
"675",1e+05,"inner(x, y)",0.001198519,"R"
"676",1e+05,"inner(x, y)",0.001205342,"R"
"677",1e+05,"inner(x, y)",0.001200169,"R"
"678",1e+05,"inner(x, y)",0.001195005,"R"
"679",1e+05,"inner(x, y)",0.001219722,"R"
"680",1e+05,"inner(x, y)",0.001198932,"R"
"681",1e+05,"inner(x, y)",0.001197496,"R"
"682",1e+05,"inner(x, y)",0.001226383,"R"
"683",1e+05,"inner(x, y)",0.001201709,"R"
"684",1e+05,"inner(x, y)",0.001195224,"R"
"685",1e+05,"inner(x, y)",0.001201893,"R"
"686",1e+05,"inner(x, y)",0.001218318,"R"
"687",1e+05,"inner(x, y)",0.001198494,"R"
"688",1e+05,"inner(x, y)",0.001205458,"R"
"689",1e+05,"inner(x, y)",0.001227387,"R"
"690",1e+05,"inner(x, y)",0.001198268,"R"
"691",1e+05,"inner(x, y)",0.00119768,"R"
"692",1e+05,"inner(x, y)",0.001207808,"R"
"693",1e+05,"inner(x, y)",0.001197564,"R"
"694",1e+05,"inner(x, y)",0.001199017,"R"
"695",1e+05,"inner(x, y)",0.001218201,"R"
"696",1e+05,"inner(x, y)",0.001215261,"R"
"697",1e+05,"inner(x, y)",0.001204576,"R"
"698",1e+05,"inner(x, y)",0.001196516,"R"
"699",1e+05,"inner(x, y)",0.00121965,"R"
"700",1e+05,"inner(x, y)",0.001199734,"R"
"701",1e+06,"inner(x, y)",0.012050536,"R"
"702",1e+06,"inner(x, y)",0.012047254,"R"
"703",1e+06,"inner(x, y)",0.01206488,"R"
"704",1e+06,"inner(x, y)",0.012058483,"R"
"705",1e+06,"inner(x, y)",0.012040076,"R"
"706",1e+06,"inner(x, y)",0.012037324,"R"
"707",1e+06,"inner(x, y)",0.012039832,"R"
"708",1e+06,"inner(x, y)",0.012090561,"R"
"709",1e+06,"inner(x, y)",0.012019115,"R"
"710",1e+06,"inner(x, y)",0.012052596,"R"
"711",1e+06,"inner(x, y)",0.012035824,"R"
"712",1e+06,"inner(x, y)",0.012058268,"R"
"713",1e+06,"inner(x, y)",0.01202809,"R"
"714",1e+06,"inner(x, y)",0.012074821,"R"
"715",1e+06,"inner(x, y)",0.012139078,"R"
"716",1e+06,"inner(x, y)",0.012086496,"R"
"717",1e+06,"inner(x, y)",0.012112069,"R"
"718",1e+06,"inner(x, y)",0.012356052,"R"
"719",1e+06,"inner(x, y)",0.012837906,"R"
"720",1e+06,"inner(x, y)",0.012797161,"R"
"721",1e+06,"inner(x, y)",0.012124679,"R"
"722",1e+06,"inner(x, y)",0.012056262,"R"
"723",1e+06,"inner(x, y)",0.012056303,"R"
"724",1e+06,"inner(x, y)",0.012040906,"R"
"725",1e+06,"inner(x, y)",0.012129042,"R"
"726",1e+06,"inner(x, y)",0.012047511,"R"
"727",1e+06,"inner(x, y)",0.012047634,"R"
"728",1e+06,"inner(x, y)",0.01203028,"R"
"729",1e+06,"inner(x, y)",0.012052918,"R"
"730",1e+06,"inner(x, y)",0.012042364,"R"
"731",1e+06,"inner(x, y)",0.012036691,"R"
"732",1e+06,"inner(x, y)",0.012042355,"R"
"733",1e+06,"inner(x, y)",0.012051754,"R"
"734",1e+06,"inner(x, y)",0.012043899,"R"
"735",1e+06,"inner(x, y)",0.012027954,"R"
"736",1e+06,"inner(x, y)",0.012039812,"R"
"737",1e+06,"inner(x, y)",0.012036052,"R"
"738",1e+06,"inner(x, y)",0.011989636,"R"
"739",1e+06,"inner(x, y)",0.012030732,"R"
"740",1e+06,"inner(x, y)",0.012012689,"R"
"741",1e+06,"inner(x, y)",0.012043298,"R"
"742",1e+06,"inner(x, y)",0.011982826,"R"
"743",1e+06,"inner(x, y)",0.012042685,"R"
"744",1e+06,"inner(x, y)",0.012027461,"R"
"745",1e+06,"inner(x, y)",0.012044443,"R"
"746",1e+06,"inner(x, y)",0.012002179,"R"
"747",1e+06,"inner(x, y)",0.012033811,"R"
"748",1e+06,"inner(x, y)",0.012055975,"R"
"749",1e+06,"inner(x, y)",0.012110017,"R"
"750",1e+06,"inner(x, y)",0.012540472,"R"
"751",1e+06,"inner(x, y)",0.012163892,"R"
"752",1e+06,"inner(x, y)",0.01282905,"R"
"753",1e+06,"inner(x, y)",0.012569659,"R"
"754",1e+06,"inner(x, y)",0.012104656,"R"
"755",1e+06,"inner(x, y)",0.012817262,"R"
"756",1e+06,"inner(x, y)",0.012053718,"R"
"757",1e+06,"inner(x, y)",0.012020307,"R"
"758",1e+06,"inner(x, y)",0.01203353,"R"
"759",1e+06,"inner(x, y)",0.012014798,"R"
"760",1e+06,"inner(x, y)",0.012027045,"R"
"761",1e+06,"inner(x, y)",0.011993036,"R"
"762",1e+06,"inner(x, y)",0.012042609,"R"
"763",1e+06,"inner(x, y)",0.012011581,"R"
"764",1e+06,"inner(x, y)",0.012018629,"R"
"765",1e+06,"inner(x, y)",0.012021742,"R"
"766",1e+06,"inner(x, y)",0.012059911,"R"
"767",1e+06,"inner(x, y)",0.012011656,"R"
"768",1e+06,"inner(x, y)",0.012025722,"R"
"769",1e+06,"inner(x, y)",0.0119973,"R"
"770",1e+06,"inner(x, y)",0.012065508,"R"
"771",1e+06,"inner(x, y)",0.012024005,"R"
"772",1e+06,"inner(x, y)",0.0120317,"R"
"773",1e+06,"inner(x, y)",0.012008578,"R"
"774",1e+06,"inner(x, y)",0.012091745,"R"
"775",1e+06,"inner(x, y)",0.011997149,"R"
"776",1e+06,"inner(x, y)",0.012034059,"R"
"777",1e+06,"inner(x, y)",0.012008236,"R"
"778",1e+06,"inner(x, y)",0.012036811,"R"
"779",1e+06,"inner(x, y)",0.01199802,"R"
"780",1e+06,"inner(x, y)",0.012026352,"R"
"781",1e+06,"inner(x, y)",0.012020878,"R"
"782",1e+06,"inner(x, y)",0.012006507,"R"
"783",1e+06,"inner(x, y)",0.01202737,"R"
"784",1e+06,"inner(x, y)",0.012018299,"R"
"785",1e+06,"inner(x, y)",0.012043119,"R"
"786",1e+06,"inner(x, y)",0.012016209,"R"
"787",1e+06,"inner(x, y)",0.012025744,"R"
"788",1e+06,"inner(x, y)",0.012022044,"R"
"789",1e+06,"inner(x, y)",0.012019818,"R"
"790",1e+06,"inner(x, y)",0.012006286,"R"
"791",1e+06,"inner(x, y)",0.012032928,"R"
"792",1e+06,"inner(x, y)",0.012027974,"R"
"793",1e+06,"inner(x, y)",0.012022334,"R"
"794",1e+06,"inner(x, y)",0.012009493,"R"
"795",1e+06,"inner(x, y)",0.012036379,"R"
"796",1e+06,"inner(x, y)",0.012028286,"R"
"797",1e+06,"inner(x, y)",0.012013096,"R"
"798",1e+06,"inner(x, y)",0.012009061,"R"
"799",1e+06,"inner(x, y)",0.012036654,"R"
"800",1e+06,"inner(x, y)",0.011992241,"R"
"801",1e+07,"inner(x, y)",0.12073118,"R"
"802",1e+07,"inner(x, y)",0.120660869,"R"
"803",1e+07,"inner(x, y)",0.121828717,"R"
"804",1e+07,"inner(x, y)",0.123598757,"R"
"805",1e+07,"inner(x, y)",0.120739222,"R"
"806",1e+07,"inner(x, y)",0.127440281,"R"
"807",1e+07,"inner(x, y)",0.119699101,"R"
"808",1e+07,"inner(x, y)",0.121559248,"R"
"809",1e+07,"inner(x, y)",0.11975505,"R"
"810",1e+07,"inner(x, y)",0.11969507,"R"
"811",1e+07,"inner(x, y)",0.130157764,"R"
"812",1e+07,"inner(x, y)",0.129038461,"R"
"813",1e+07,"inner(x, y)",0.119787303,"R"
"814",1e+07,"inner(x, y)",0.124795428,"R"
"815",1e+07,"inner(x, y)",0.11975232,"R"
"816",1e+07,"inner(x, y)",0.122131428,"R"
"817",1e+07,"inner(x, y)",0.11995284,"R"
"818",1e+07,"inner(x, y)",0.119699162,"R"
"819",1e+07,"inner(x, y)",0.126806629,"R"
"820",1e+07,"inner(x, y)",0.124392709,"R"
"821",1e+07,"inner(x, y)",0.120362285,"R"
"822",1e+07,"inner(x, y)",0.121601668,"R"
"823",1e+07,"inner(x, y)",0.120315953,"R"
"824",1e+07,"inner(x, y)",0.119724535,"R"
"825",1e+07,"inner(x, y)",0.119771732,"R"
"826",1e+07,"inner(x, y)",0.126646666,"R"
"827",1e+07,"inner(x, y)",0.119755323,"R"
"828",1e+07,"inner(x, y)",0.125526294,"R"
"829",1e+07,"inner(x, y)",0.123025011,"R"
"830",1e+07,"inner(x, y)",0.120363635,"R"
"831",1e+07,"inner(x, y)",0.123000847,"R"
"832",1e+07,"inner(x, y)",0.12862656,"R"
"833",1e+07,"inner(x, y)",0.119732521,"R"
"834",1e+07,"inner(x, y)",0.119885175,"R"
"835",1e+07,"inner(x, y)",0.119776852,"R"
"836",1e+07,"inner(x, y)",0.125714794,"R"
"837",1e+07,"inner(x, y)",0.119513566,"R"
"838",1e+07,"inner(x, y)",0.119439349,"R"
"839",1e+07,"inner(x, y)",0.128943126,"R"
"840",1e+07,"inner(x, y)",0.119409328,"R"
"841",1e+07,"inner(x, y)",0.119487473,"R"
"842",1e+07,"inner(x, y)",0.119432249,"R"
"843",1e+07,"inner(x, y)",0.119875495,"R"
"844",1e+07,"inner(x, y)",0.11998335,"R"
"845",1e+07,"inner(x, y)",0.120501211,"R"
"846",1e+07,"inner(x, y)",0.123621343,"R"
"847",1e+07,"inner(x, y)",0.119895568,"R"
"848",1e+07,"inner(x, y)",0.120867884,"R"
"849",1e+07,"inner(x, y)",0.119624425,"R"
"850",1e+07,"inner(x, y)",0.119628714,"R"
"851",1e+07,"inner(x, y)",0.120731781,"R"
"852",1e+07,"inner(x, y)",0.12179184,"R"
"853",1e+07,"inner(x, y)",0.120111568,"R"
"854",1e+07,"inner(x, y)",0.119518438,"R"
"855",1e+07,"inner(x, y)",0.120678077,"R"
"856",1e+07,"inner(x, y)",0.12013193,"R"
"857",1e+07,"inner(x, y)",0.119704781,"R"
"858",1e+07,"inner(x, y)",0.119469463,"R"
"859",1e+07,"inner(x, y)",0.119406516,"R"
"860",1e+07,"inner(x, y)",0.119536217,"R"
"861",1e+07,"inner(x, y)",0.119839396,"R"
"862",1e+07,"inner(x, y)",0.119563518,"R"
"863",1e+07,"inner(x, y)",0.121224063,"R"
"864",1e+07,"inner(x, y)",0.122384018,"R"
"865",1e+07,"inner(x, y)",0.119420362,"R"
"866",1e+07,"inner(x, y)",0.119473852,"R"
"867",1e+07,"inner(x, y)",0.119404051,"R"
"868",1e+07,"inner(x, y)",0.122125249,"R"
"869",1e+07,"inner(x, y)",0.123215528,"R"
"870",1e+07,"inner(x, y)",0.12245716,"R"
"871",1e+07,"inner(x, y)",0.119647843,"R"
"872",1e+07,"inner(x, y)",0.119929126,"R"
"873",1e+07,"inner(x, y)",0.124099949,"R"
"874",1e+07,"inner(x, y)",0.120396583,"R"
"875",1e+07,"inner(x, y)",0.121853395,"R"
"876",1e+07,"inner(x, y)",0.119520494,"R"
"877",1e+07,"inner(x, y)",0.121300073,"R"
"878",1e+07,"inner(x, y)",0.126346184,"R"
"879",1e+07,"inner(x, y)",0.124307281,"R"
"880",1e+07,"inner(x, y)",0.121119268,"R"
"881",1e+07,"inner(x, y)",0.121241403,"R"
"882",1e+07,"inner(x, y)",0.119500694,"R"
"883",1e+07,"inner(x, y)",0.119430104,"R"
"884",1e+07,"inner(x, y)",0.126002555,"R"
"885",1e+07,"inner(x, y)",0.125579242,"R"
"886",1e+07,"inner(x, y)",0.126228004,"R"
"887",1e+07,"inner(x, y)",0.124140505,"R"
"888",1e+07,"inner(x, y)",0.119515498,"R"
"889",1e+07,"inner(x, y)",0.12251584,"R"
"890",1e+07,"inner(x, y)",0.119232526,"R"
"891",1e+07,"inner(x, y)",0.119309661,"R"
"892",1e+07,"inner(x, y)",0.120392404,"R"
"893",1e+07,"inner(x, y)",0.119580233,"R"
"894",1e+07,"inner(x, y)",0.122760411,"R"
"895",1e+07,"inner(x, y)",0.119549604,"R"
"896",1e+07,"inner(x, y)",0.119464599,"R"
"897",1e+07,"inner(x, y)",0.124649247,"R"
"898",1e+07,"inner(x, y)",0.127864277,"R"
"899",1e+07,"inner(x, y)",0.126660093,"R"
"900",1e+07,"inner(x, y)",0.119427259,"R"
"901",10,"inner(x, y)",2.14576721191406e-06,"Julia"
"902",10,"inner(x, y)",0,"Julia"
"903",10,"inner(x, y)",9.5367431640625e-07,"Julia"
"904",10,"inner(x, y)",9.5367431640625e-07,"Julia"
"905",10,"inner(x, y)",0,"Julia"
"906",10,"inner(x, y)",9.5367431640625e-07,"Julia"
"907",10,"inner(x, y)",0,"Julia"
"908",10,"inner(x, y)",0,"Julia"
"909",10,"inner(x, y)",1.19209289550781e-06,"Julia"
"910",10,"inner(x, y)",0,"Julia"
"911",10,"inner(x, y)",0,"Julia"
"912",10,"inner(x, y)",9.5367431640625e-07,"Julia"
"913",10,"inner(x, y)",0,"Julia"
"914",10,"inner(x, y)",0,"Julia"
"915",10,"inner(x, y)",0,"Julia"
"916",10,"inner(x, y)",0,"Julia"
"917",10,"inner(x, y)",0,"Julia"
"918",10,"inner(x, y)",0,"Julia"
"919",10,"inner(x, y)",0,"Julia"
"920",10,"inner(x, y)",0,"Julia"
"921",10,"inner(x, y)",9.5367431640625e-07,"Julia"
"922",10,"inner(x, y)",1.19209289550781e-06,"Julia"
"923",10,"inner(x, y)",0,"Julia"
"924",10,"inner(x, y)",0,"Julia"
"925",10,"inner(x, y)",0,"Julia"
"926",10,"inner(x, y)",1.19209289550781e-06,"Julia"
"927",10,"inner(x, y)",0,"Julia"
"928",10,"inner(x, y)",0,"Julia"
"929",10,"inner(x, y)",0,"Julia"
"930",10,"inner(x, y)",0,"Julia"
"931",10,"inner(x, y)",1.19209289550781e-06,"Julia"
"932",10,"inner(x, y)",9.5367431640625e-07,"Julia"
"933",10,"inner(x, y)",0,"Julia"
"934",10,"inner(x, y)",1.19209289550781e-06,"Julia"
"935",10,"inner(x, y)",9.5367431640625e-07,"Julia"
"936",10,"inner(x, y)",0,"Julia"
"937",10,"inner(x, y)",0,"Julia"
"938",10,"inner(x, y)",0,"Julia"
"939",10,"inner(x, y)",0,"Julia"
"940",10,"inner(x, y)",0,"Julia"
"941",10,"inner(x, y)",0,"Julia"
"942",10,"inner(x, y)",0,"Julia"
"943",10,"inner(x, y)",0,"Julia"
"944",10,"inner(x, y)",0,"Julia"
"945",10,"inner(x, y)",1.19209289550781e-06,"Julia"
"946",10,"inner(x, y)",0,"Julia"
"947",10,"inner(x, y)",0,"Julia"
"948",10,"inner(x, y)",0,"Julia"
"949",10,"inner(x, y)",0,"Julia"
"950",10,"inner(x, y)",0,"Julia"
"951",10,"inner(x, y)",9.5367431640625e-07,"Julia"
"952",10,"inner(x, y)",0,"Julia"
"953",10,"inner(x, y)",0,"Julia"
"954",10,"inner(x, y)",0,"Julia"
"955",10,"inner(x, y)",0,"Julia"
"956",10,"inner(x, y)",0,"Julia"
"957",10,"inner(x, y)",0,"Julia"
"958",10,"inner(x, y)",0,"Julia"
"959",10,"inner(x, y)",0,"Julia"
"960",10,"inner(x, y)",0,"Julia"
"961",10,"inner(x, y)",1.19209289550781e-06,"Julia"
"962",10,"inner(x, y)",0,"Julia"
"963",10,"inner(x, y)",0,"Julia"
"964",10,"inner(x, y)",0,"Julia"
"965",10,"inner(x, y)",0,"Julia"
"966",10,"inner(x, y)",1.19209289550781e-06,"Julia"
"967",10,"inner(x, y)",9.5367431640625e-07,"Julia"
"968",10,"inner(x, y)",0,"Julia"
"969",10,"inner(x, y)",0,"Julia"
"970",10,"inner(x, y)",0,"Julia"
"971",10,"inner(x, y)",0,"Julia"
"972",10,"inner(x, y)",0,"Julia"
"973",10,"inner(x, y)",1.19209289550781e-06,"Julia"
"974",10,"inner(x, y)",0,"Julia"
"975",10,"inner(x, y)",0,"Julia"
"976",10,"inner(x, y)",0,"Julia"
"977",10,"inner(x, y)",0,"Julia"
"978",10,"inner(x, y)",0,"Julia"
"979",10,"inner(x, y)",0,"Julia"
"980",10,"inner(x, y)",0,"Julia"
"981",10,"inner(x, y)",0,"Julia"
"982",10,"inner(x, y)",9.5367431640625e-07,"Julia"
"983",10,"inner(x, y)",0,"Julia"
"984",10,"inner(x, y)",0,"Julia"
"985",10,"inner(x, y)",0,"Julia"
"986",10,"inner(x, y)",0,"Julia"
"987",10,"inner(x, y)",0,"Julia"
"988",10,"inner(x, y)",9.5367431640625e-07,"Julia"
"989",10,"inner(x, y)",9.5367431640625e-07,"Julia"
"990",10,"inner(x, y)",0,"Julia"
"991",10,"inner(x, y)",0,"Julia"
"992",10,"inner(x, y)",0,"Julia"
"993",10,"inner(x, y)",0,"Julia"
"994",10,"inner(x, y)",0,"Julia"
"995",10,"inner(x, y)",9.5367431640625e-07,"Julia"
"996",10,"inner(x, y)",0,"Julia"
"997",10,"inner(x, y)",0,"Julia"
"998",10,"inner(x, y)",0,"Julia"
"999",10,"inner(x, y)",0,"Julia"
"1000",100,"inner(x, y)",0,"Julia"
"1001",100,"inner(x, y)",0,"Julia"
"1002",100,"inner(x, y)",1.19209289550781e-06,"Julia"
"1003",100,"inner(x, y)",0,"Julia"
"1004",100,"inner(x, y)",0,"Julia"
"1005",100,"inner(x, y)",1.19209289550781e-06,"Julia"
"1006",100,"inner(x, y)",0,"Julia"
"1007",100,"inner(x, y)",0,"Julia"
"1008",100,"inner(x, y)",0,"Julia"
"1009",100,"inner(x, y)",9.5367431640625e-07,"Julia"
"1010",100,"inner(x, y)",9.5367431640625e-07,"Julia"
"1011",100,"inner(x, y)",0,"Julia"
"1012",100,"inner(x, y)",1.19209289550781e-06,"Julia"
"1013",100,"inner(x, y)",9.5367431640625e-07,"Julia"
"1014",100,"inner(x, y)",0,"Julia"
"1015",100,"inner(x, y)",9.5367431640625e-07,"Julia"
"1016",100,"inner(x, y)",0,"Julia"
"1017",100,"inner(x, y)",0,"Julia"
"1018",100,"inner(x, y)",0,"Julia"
"1019",100,"inner(x, y)",0,"Julia"
"1020",100,"inner(x, y)",0,"Julia"
"1021",100,"inner(x, y)",0,"Julia"
"1022",100,"inner(x, y)",9.5367431640625e-07,"Julia"
"1023",100,"inner(x, y)",0,"Julia"
"1024",100,"inner(x, y)",0,"Julia"
"1025",100,"inner(x, y)",9.5367431640625e-07,"Julia"
"1026",100,"inner(x, y)",0,"Julia"
"1027",100,"inner(x, y)",9.5367431640625e-07,"Julia"
"1028",100,"inner(x, y)",9.5367431640625e-07,"Julia"
"1029",100,"inner(x, y)",0,"Julia"
"1030",100,"inner(x, y)",0,"Julia"
"1031",100,"inner(x, y)",0,"Julia"
"1032",100,"inner(x, y)",0,"Julia"
"1033",100,"inner(x, y)",1.19209289550781e-06,"Julia"
"1034",100,"inner(x, y)",0,"Julia"
"1035",100,"inner(x, y)",0,"Julia"
"1036",100,"inner(x, y)",0,"Julia"
"1037",100,"inner(x, y)",1.19209289550781e-06,"Julia"
"1038",100,"inner(x, y)",9.5367431640625e-07,"Julia"
"1039",100,"inner(x, y)",0,"Julia"
"1040",100,"inner(x, y)",0,"Julia"
"1041",100,"inner(x, y)",9.5367431640625e-07,"Julia"
"1042",100,"inner(x, y)",0,"Julia"
"1043",100,"inner(x, y)",0,"Julia"
"1044",100,"inner(x, y)",1.19209289550781e-06,"Julia"
"1045",100,"inner(x, y)",0,"Julia"
"1046",100,"inner(x, y)",0,"Julia"
"1047",100,"inner(x, y)",9.5367431640625e-07,"Julia"
"1048",100,"inner(x, y)",9.5367431640625e-07,"Julia"
"1049",100,"inner(x, y)",9.5367431640625e-07,"Julia"
"1050",100,"inner(x, y)",9.5367431640625e-07,"Julia"
"1051",100,"inner(x, y)",9.5367431640625e-07,"Julia"
"1052",100,"inner(x, y)",0,"Julia"
"1053",100,"inner(x, y)",0,"Julia"
"1054",100,"inner(x, y)",0,"Julia"
"1055",100,"inner(x, y)",0,"Julia"
"1056",100,"inner(x, y)",0,"Julia"
"1057",100,"inner(x, y)",0,"Julia"
"1058",100,"inner(x, y)",0,"Julia"
"1059",100,"inner(x, y)",0,"Julia"
"1060",100,"inner(x, y)",0,"Julia"
"1061",100,"inner(x, y)",0,"Julia"
"1062",100,"inner(x, y)",0,"Julia"
"1063",100,"inner(x, y)",9.5367431640625e-07,"Julia"
"1064",100,"inner(x, y)",9.5367431640625e-07,"Julia"
"1065",100,"inner(x, y)",9.5367431640625e-07,"Julia"
"1066",100,"inner(x, y)",0,"Julia"
"1067",100,"inner(x, y)",9.5367431640625e-07,"Julia"
"1068",100,"inner(x, y)",1.19209289550781e-06,"Julia"
"1069",100,"inner(x, y)",9.5367431640625e-07,"Julia"
"1070",100,"inner(x, y)",9.5367431640625e-07,"Julia"
"1071",100,"inner(x, y)",9.5367431640625e-07,"Julia"
"1072",100,"inner(x, y)",1.19209289550781e-06,"Julia"
"1073",100,"inner(x, y)",0,"Julia"
"1074",100,"inner(x, y)",0,"Julia"
"1075",100,"inner(x, y)",0,"Julia"
"1076",100,"inner(x, y)",0,"Julia"
"1077",100,"inner(x, y)",0,"Julia"
"1078",100,"inner(x, y)",0,"Julia"
"1079",100,"inner(x, y)",0,"Julia"
"1080",100,"inner(x, y)",1.19209289550781e-06,"Julia"
"1081",100,"inner(x, y)",3.09944152832031e-06,"Julia"
"1082",100,"inner(x, y)",9.5367431640625e-07,"Julia"
"1083",100,"inner(x, y)",0,"Julia"
"1084",100,"inner(x, y)",9.5367431640625e-07,"Julia"
"1085",100,"inner(x, y)",0,"Julia"
"1086",100,"inner(x, y)",9.5367431640625e-07,"Julia"
"1087",100,"inner(x, y)",0,"Julia"
"1088",100,"inner(x, y)",0,"Julia"
"1089",100,"inner(x, y)",0,"Julia"
"1090",100,"inner(x, y)",9.5367431640625e-07,"Julia"
"1091",100,"inner(x, y)",0,"Julia"
"1092",100,"inner(x, y)",0,"Julia"
"1093",100,"inner(x, y)",0,"Julia"
"1094",100,"inner(x, y)",0,"Julia"
"1095",100,"inner(x, y)",0,"Julia"
"1096",100,"inner(x, y)",0,"Julia"
"1097",100,"inner(x, y)",9.5367431640625e-07,"Julia"
"1098",100,"inner(x, y)",0,"Julia"
"1099",100,"inner(x, y)",0,"Julia"
"1100",500,"inner(x, y)",1.19209289550781e-06,"Julia"
"1101",500,"inner(x, y)",9.5367431640625e-07,"Julia"
"1102",500,"inner(x, y)",1.9073486328125e-06,"Julia"
"1103",500,"inner(x, y)",1.19209289550781e-06,"Julia"
"1104",500,"inner(x, y)",9.5367431640625e-07,"Julia"
"1105",500,"inner(x, y)",1.19209289550781e-06,"Julia"
"1106",500,"inner(x, y)",1.9073486328125e-06,"Julia"
"1107",500,"inner(x, y)",9.5367431640625e-07,"Julia"
"1108",500,"inner(x, y)",2.14576721191406e-06,"Julia"
"1109",500,"inner(x, y)",9.5367431640625e-07,"Julia"
"1110",500,"inner(x, y)",1.19209289550781e-06,"Julia"
"1111",500,"inner(x, y)",9.5367431640625e-07,"Julia"
"1112",500,"inner(x, y)",9.5367431640625e-07,"Julia"
"1113",500,"inner(x, y)",1.19209289550781e-06,"Julia"
"1114",500,"inner(x, y)",9.5367431640625e-07,"Julia"
"1115",500,"inner(x, y)",1.9073486328125e-06,"Julia"
"1116",500,"inner(x, y)",9.5367431640625e-07,"Julia"
"1117",500,"inner(x, y)",1.19209289550781e-06,"Julia"
"1118",500,"inner(x, y)",9.5367431640625e-07,"Julia"
"1119",500,"inner(x, y)",9.5367431640625e-07,"Julia"
"1120",500,"inner(x, y)",9.5367431640625e-07,"Julia"
"1121",500,"inner(x, y)",9.5367431640625e-07,"Julia"
"1122",500,"inner(x, y)",9.5367431640625e-07,"Julia"
"1123",500,"inner(x, y)",1.9073486328125e-06,"Julia"
"1124",500,"inner(x, y)",1.9073486328125e-06,"Julia"
"1125",500,"inner(x, y)",9.5367431640625e-07,"Julia"
"1126",500,"inner(x, y)",9.5367431640625e-07,"Julia"
"1127",500,"inner(x, y)",9.5367431640625e-07,"Julia"
"1128",500,"inner(x, y)",1.19209289550781e-06,"Julia"
"1129",500,"inner(x, y)",9.5367431640625e-07,"Julia"
"1130",500,"inner(x, y)",9.5367431640625e-07,"Julia"
"1131",500,"inner(x, y)",9.5367431640625e-07,"Julia"
"1132",500,"inner(x, y)",9.5367431640625e-07,"Julia"
"1133",500,"inner(x, y)",1.19209289550781e-06,"Julia"
"1134",500,"inner(x, y)",9.5367431640625e-07,"Julia"
"1135",500,"inner(x, y)",9.5367431640625e-07,"Julia"
"1136",500,"inner(x, y)",9.5367431640625e-07,"Julia"
"1137",500,"inner(x, y)",1.9073486328125e-06,"Julia"
"1138",500,"inner(x, y)",9.5367431640625e-07,"Julia"
"1139",500,"inner(x, y)",2.14576721191406e-06,"Julia"
"1140",500,"inner(x, y)",9.5367431640625e-07,"Julia"
"1141",500,"inner(x, y)",9.5367431640625e-07,"Julia"
"1142",500,"inner(x, y)",9.5367431640625e-07,"Julia"
"1143",500,"inner(x, y)",9.5367431640625e-07,"Julia"
"1144",500,"inner(x, y)",1.19209289550781e-06,"Julia"
"1145",500,"inner(x, y)",1.9073486328125e-06,"Julia"
"1146",500,"inner(x, y)",1.19209289550781e-06,"Julia"
"1147",500,"inner(x, y)",9.5367431640625e-07,"Julia"
"1148",500,"inner(x, y)",9.5367431640625e-07,"Julia"
"1149",500,"inner(x, y)",9.5367431640625e-07,"Julia"
"1150",500,"inner(x, y)",1.19209289550781e-06,"Julia"
"1151",500,"inner(x, y)",9.5367431640625e-07,"Julia"
"1152",500,"inner(x, y)",9.5367431640625e-07,"Julia"
"1153",500,"inner(x, y)",2.14576721191406e-06,"Julia"
"1154",500,"inner(x, y)",1.9073486328125e-06,"Julia"
"1155",500,"inner(x, y)",9.5367431640625e-07,"Julia"
"1156",500,"inner(x, y)",9.5367431640625e-07,"Julia"
"1157",500,"inner(x, y)",1.9073486328125e-06,"Julia"
"1158",500,"inner(x, y)",1.9073486328125e-06,"Julia"
"1159",500,"inner(x, y)",9.5367431640625e-07,"Julia"
"1160",500,"inner(x, y)",9.5367431640625e-07,"Julia"
"1161",500,"inner(x, y)",9.5367431640625e-07,"Julia"
"1162",500,"inner(x, y)",9.5367431640625e-07,"Julia"
"1163",500,"inner(x, y)",9.5367431640625e-07,"Julia"
"1164",500,"inner(x, y)",9.5367431640625e-07,"Julia"
"1165",500,"inner(x, y)",9.5367431640625e-07,"Julia"
"1166",500,"inner(x, y)",9.5367431640625e-07,"Julia"
"1167",500,"inner(x, y)",9.5367431640625e-07,"Julia"
"1168",500,"inner(x, y)",1.19209289550781e-06,"Julia"
"1169",500,"inner(x, y)",1.19209289550781e-06,"Julia"
"1170",500,"inner(x, y)",9.5367431640625e-07,"Julia"
"1171",500,"inner(x, y)",9.5367431640625e-07,"Julia"
"1172",500,"inner(x, y)",9.5367431640625e-07,"Julia"
"1173",500,"inner(x, y)",2.14576721191406e-06,"Julia"
"1174",500,"inner(x, y)",9.5367431640625e-07,"Julia"
"1175",500,"inner(x, y)",9.5367431640625e-07,"Julia"
"1176",500,"inner(x, y)",9.5367431640625e-07,"Julia"
"1177",500,"inner(x, y)",9.5367431640625e-07,"Julia"
"1178",500,"inner(x, y)",1.19209289550781e-06,"Julia"
"1179",500,"inner(x, y)",1.9073486328125e-06,"Julia"
"1180",500,"inner(x, y)",1.19209289550781e-06,"Julia"
"1181",500,"inner(x, y)",9.5367431640625e-07,"Julia"
"1182",500,"inner(x, y)",1.9073486328125e-06,"Julia"
"1183",500,"inner(x, y)",2.14576721191406e-06,"Julia"
"1184",500,"inner(x, y)",9.5367431640625e-07,"Julia"
"1185",500,"inner(x, y)",9.5367431640625e-07,"Julia"
"1186",500,"inner(x, y)",1.19209289550781e-06,"Julia"
"1187",500,"inner(x, y)",1.19209289550781e-06,"Julia"
"1188",500,"inner(x, y)",9.5367431640625e-07,"Julia"
"1189",500,"inner(x, y)",9.5367431640625e-07,"Julia"
"1190",500,"inner(x, y)",9.5367431640625e-07,"Julia"
"1191",500,"inner(x, y)",1.19209289550781e-06,"Julia"
"1192",500,"inner(x, y)",1.9073486328125e-06,"Julia"
"1193",500,"inner(x, y)",9.5367431640625e-07,"Julia"
"1194",500,"inner(x, y)",9.5367431640625e-07,"Julia"
"1195",500,"inner(x, y)",1.9073486328125e-06,"Julia"
"1196",500,"inner(x, y)",1.19209289550781e-06,"Julia"
"1197",500,"inner(x, y)",1.9073486328125e-06,"Julia"
"1198",500,"inner(x, y)",9.5367431640625e-07,"Julia"
"1199",500,"inner(x, y)",1.19209289550781e-06,"Julia"
"1200",1000,"inner(x, y)",1.9073486328125e-06,"Julia"
"1201",1000,"inner(x, y)",1.9073486328125e-06,"Julia"
"1202",1000,"inner(x, y)",3.09944152832031e-06,"Julia"
"1203",1000,"inner(x, y)",1.9073486328125e-06,"Julia"
"1204",1000,"inner(x, y)",1.9073486328125e-06,"Julia"
"1205",1000,"inner(x, y)",2.14576721191406e-06,"Julia"
"1206",1000,"inner(x, y)",1.9073486328125e-06,"Julia"
"1207",1000,"inner(x, y)",2.14576721191406e-06,"Julia"
"1208",1000,"inner(x, y)",1.9073486328125e-06,"Julia"
"1209",1000,"inner(x, y)",2.86102294921875e-06,"Julia"
"1210",1000,"inner(x, y)",2.14576721191406e-06,"Julia"
"1211",1000,"inner(x, y)",2.14576721191406e-06,"Julia"
"1212",1000,"inner(x, y)",2.14576721191406e-06,"Julia"
"1213",1000,"inner(x, y)",2.14576721191406e-06,"Julia"
"1214",1000,"inner(x, y)",2.14576721191406e-06,"Julia"
"1215",1000,"inner(x, y)",3.09944152832031e-06,"Julia"
"1216",1000,"inner(x, y)",2.14576721191406e-06,"Julia"
"1217",1000,"inner(x, y)",2.14576721191406e-06,"Julia"
"1218",1000,"inner(x, y)",1.9073486328125e-06,"Julia"
"1219",1000,"inner(x, y)",1.9073486328125e-06,"Julia"
"1220",1000,"inner(x, y)",2.14576721191406e-06,"Julia"
"1221",1000,"inner(x, y)",1.9073486328125e-06,"Julia"
"1222",1000,"inner(x, y)",3.09944152832031e-06,"Julia"
"1223",1000,"inner(x, y)",1.9073486328125e-06,"Julia"
"1224",1000,"inner(x, y)",2.14576721191406e-06,"Julia"
"1225",1000,"inner(x, y)",1.9073486328125e-06,"Julia"
"1226",1000,"inner(x, y)",1.9073486328125e-06,"Julia"
"1227",1000,"inner(x, y)",2.86102294921875e-06,"Julia"
"1228",1000,"inner(x, y)",1.9073486328125e-06,"Julia"
"1229",1000,"inner(x, y)",1.9073486328125e-06,"Julia"
"1230",1000,"inner(x, y)",1.9073486328125e-06,"Julia"
"1231",1000,"inner(x, y)",3.09944152832031e-06,"Julia"
"1232",1000,"inner(x, y)",1.9073486328125e-06,"Julia"
"1233",1000,"inner(x, y)",2.86102294921875e-06,"Julia"
"1234",1000,"inner(x, y)",3.09944152832031e-06,"Julia"
"1235",1000,"inner(x, y)",2.86102294921875e-06,"Julia"
"1236",1000,"inner(x, y)",3.09944152832031e-06,"Julia"
"1237",1000,"inner(x, y)",1.9073486328125e-06,"Julia"
"1238",1000,"inner(x, y)",3.09944152832031e-06,"Julia"
"1239",1000,"inner(x, y)",1.9073486328125e-06,"Julia"
"1240",1000,"inner(x, y)",1.9073486328125e-06,"Julia"
"1241",1000,"inner(x, y)",3.09944152832031e-06,"Julia"
"1242",1000,"inner(x, y)",2.14576721191406e-06,"Julia"
"1243",1000,"inner(x, y)",3.09944152832031e-06,"Julia"
"1244",1000,"inner(x, y)",2.14576721191406e-06,"Julia"
"1245",1000,"inner(x, y)",3.09944152832031e-06,"Julia"
"1246",1000,"inner(x, y)",3.09944152832031e-06,"Julia"
"1247",1000,"inner(x, y)",1.9073486328125e-06,"Julia"
"1248",1000,"inner(x, y)",1.9073486328125e-06,"Julia"
"1249",1000,"inner(x, y)",2.86102294921875e-06,"Julia"
"1250",1000,"inner(x, y)",1.9073486328125e-06,"Julia"
"1251",1000,"inner(x, y)",3.09944152832031e-06,"Julia"
"1252",1000,"inner(x, y)",2.14576721191406e-06,"Julia"
"1253",1000,"inner(x, y)",2.14576721191406e-06,"Julia"
"1254",1000,"inner(x, y)",2.14576721191406e-06,"Julia"
"1255",1000,"inner(x, y)",2.14576721191406e-06,"Julia"
"1256",1000,"inner(x, y)",1.9073486328125e-06,"Julia"
"1257",1000,"inner(x, y)",1.9073486328125e-06,"Julia"
"1258",1000,"inner(x, y)",2.14576721191406e-06,"Julia"
"1259",1000,"inner(x, y)",1.9073486328125e-06,"Julia"
"1260",1000,"inner(x, y)",1.9073486328125e-06,"Julia"
"1261",1000,"inner(x, y)",1.9073486328125e-06,"Julia"
"1262",1000,"inner(x, y)",2.86102294921875e-06,"Julia"
"1263",1000,"inner(x, y)",1.9073486328125e-06,"Julia"
"1264",1000,"inner(x, y)",2.86102294921875e-06,"Julia"
"1265",1000,"inner(x, y)",3.09944152832031e-06,"Julia"
"1266",1000,"inner(x, y)",2.14576721191406e-06,"Julia"
"1267",1000,"inner(x, y)",1.9073486328125e-06,"Julia"
"1268",1000,"inner(x, y)",1.9073486328125e-06,"Julia"
"1269",1000,"inner(x, y)",1.9073486328125e-06,"Julia"
"1270",1000,"inner(x, y)",2.86102294921875e-06,"Julia"
"1271",1000,"inner(x, y)",2.86102294921875e-06,"Julia"
"1272",1000,"inner(x, y)",1.9073486328125e-06,"Julia"
"1273",1000,"inner(x, y)",2.86102294921875e-06,"Julia"
"1274",1000,"inner(x, y)",3.09944152832031e-06,"Julia"
"1275",1000,"inner(x, y)",2.14576721191406e-06,"Julia"
"1276",1000,"inner(x, y)",1.9073486328125e-06,"Julia"
"1277",1000,"inner(x, y)",1.9073486328125e-06,"Julia"
"1278",1000,"inner(x, y)",1.9073486328125e-06,"Julia"
"1279",1000,"inner(x, y)",3.09944152832031e-06,"Julia"
"1280",1000,"inner(x, y)",1.9073486328125e-06,"Julia"
"1281",1000,"inner(x, y)",1.9073486328125e-06,"Julia"
"1282",1000,"inner(x, y)",1.9073486328125e-06,"Julia"
"1283",1000,"inner(x, y)",1.9073486328125e-06,"Julia"
"1284",1000,"inner(x, y)",2.14576721191406e-06,"Julia"
"1285",1000,"inner(x, y)",1.9073486328125e-06,"Julia"
"1286",1000,"inner(x, y)",3.09944152832031e-06,"Julia"
"1287",1000,"inner(x, y)",2.14576721191406e-06,"Julia"
"1288",1000,"inner(x, y)",2.14576721191406e-06,"Julia"
"1289",1000,"inner(x, y)",1.9073486328125e-06,"Julia"
"1290",1000,"inner(x, y)",2.86102294921875e-06,"Julia"
"1291",1000,"inner(x, y)",1.9073486328125e-06,"Julia"
"1292",1000,"inner(x, y)",1.9073486328125e-06,"Julia"
"1293",1000,"inner(x, y)",1.9073486328125e-06,"Julia"
"1294",1000,"inner(x, y)",3.09944152832031e-06,"Julia"
"1295",1000,"inner(x, y)",1.9073486328125e-06,"Julia"
"1296",1000,"inner(x, y)",1.9073486328125e-06,"Julia"
"1297",1000,"inner(x, y)",1.9073486328125e-06,"Julia"
"1298",1000,"inner(x, y)",3.09944152832031e-06,"Julia"
"1299",1000,"inner(x, y)",1.9073486328125e-06,"Julia"
"1300",5000,"inner(x, y)",1.09672546386719e-05,"Julia"
"1301",5000,"inner(x, y)",1.09672546386719e-05,"Julia"
"1302",5000,"inner(x, y)",1.19209289550781e-05,"Julia"
"1303",5000,"inner(x, y)",1.09672546386719e-05,"Julia"
"1304",5000,"inner(x, y)",1.12056732177734e-05,"Julia"
"1305",5000,"inner(x, y)",1.09672546386719e-05,"Julia"
"1306",5000,"inner(x, y)",1.12056732177734e-05,"Julia"
"1307",5000,"inner(x, y)",1.09672546386719e-05,"Julia"
"1308",5000,"inner(x, y)",1.00135803222656e-05,"Julia"
"1309",5000,"inner(x, y)",1.09672546386719e-05,"Julia"
"1310",5000,"inner(x, y)",1.00135803222656e-05,"Julia"
"1311",5000,"inner(x, y)",1.09672546386719e-05,"Julia"
"1312",5000,"inner(x, y)",1.09672546386719e-05,"Julia"
"1313",5000,"inner(x, y)",1.09672546386719e-05,"Julia"
"1314",5000,"inner(x, y)",1.12056732177734e-05,"Julia"
"1315",5000,"inner(x, y)",1.09672546386719e-05,"Julia"
"1316",5000,"inner(x, y)",1.09672546386719e-05,"Julia"
"1317",5000,"inner(x, y)",1.09672546386719e-05,"Julia"
"1318",5000,"inner(x, y)",1.12056732177734e-05,"Julia"
"1319",5000,"inner(x, y)",1.12056732177734e-05,"Julia"
"1320",5000,"inner(x, y)",1.09672546386719e-05,"Julia"
"1321",5000,"inner(x, y)",1.09672546386719e-05,"Julia"
"1322",5000,"inner(x, y)",1.21593475341797e-05,"Julia"
"1323",5000,"inner(x, y)",1.09672546386719e-05,"Julia"
"1324",5000,"inner(x, y)",1.12056732177734e-05,"Julia"
"1325",5000,"inner(x, y)",1.09672546386719e-05,"Julia"
"1326",5000,"inner(x, y)",1.21593475341797e-05,"Julia"
"1327",5000,"inner(x, y)",1.09672546386719e-05,"Julia"
"1328",5000,"inner(x, y)",1.09672546386719e-05,"Julia"
"1329",5000,"inner(x, y)",1.00135803222656e-05,"Julia"
"1330",5000,"inner(x, y)",1.09672546386719e-05,"Julia"
"1331",5000,"inner(x, y)",1.19209289550781e-05,"Julia"
"1332",5000,"inner(x, y)",1.12056732177734e-05,"Julia"
"1333",5000,"inner(x, y)",1.12056732177734e-05,"Julia"
"1334",5000,"inner(x, y)",1.09672546386719e-05,"Julia"
"1335",5000,"inner(x, y)",1.09672546386719e-05,"Julia"
"1336",5000,"inner(x, y)",1.09672546386719e-05,"Julia"
"1337",5000,"inner(x, y)",1.12056732177734e-05,"Julia"
"1338",5000,"inner(x, y)",1.00135803222656e-05,"Julia"
"1339",5000,"inner(x, y)",1.12056732177734e-05,"Julia"
"1340",5000,"inner(x, y)",1.09672546386719e-05,"Julia"
"1341",5000,"inner(x, y)",1.09672546386719e-05,"Julia"
"1342",5000,"inner(x, y)",1.09672546386719e-05,"Julia"
"1343",5000,"inner(x, y)",1.09672546386719e-05,"Julia"
"1344",5000,"inner(x, y)",1.09672546386719e-05,"Julia"
"1345",5000,"inner(x, y)",1.09672546386719e-05,"Julia"
"1346",5000,"inner(x, y)",1.09672546386719e-05,"Julia"
"1347",5000,"inner(x, y)",1.00135803222656e-05,"Julia"
"1348",5000,"inner(x, y)",1.09672546386719e-05,"Julia"
"1349",5000,"inner(x, y)",1.09672546386719e-05,"Julia"
"1350",5000,"inner(x, y)",1.09672546386719e-05,"Julia"
"1351",5000,"inner(x, y)",1.09672546386719e-05,"Julia"
"1352",5000,"inner(x, y)",1.09672546386719e-05,"Julia"
"1353",5000,"inner(x, y)",1.00135803222656e-05,"Julia"
"1354",5000,"inner(x, y)",1.00135803222656e-05,"Julia"
"1355",5000,"inner(x, y)",1.09672546386719e-05,"Julia"
"1356",5000,"inner(x, y)",1.12056732177734e-05,"Julia"
"1357",5000,"inner(x, y)",1.09672546386719e-05,"Julia"
"1358",5000,"inner(x, y)",1.21593475341797e-05,"Julia"
"1359",5000,"inner(x, y)",1.09672546386719e-05,"Julia"
"1360",5000,"inner(x, y)",1.09672546386719e-05,"Julia"
"1361",5000,"inner(x, y)",1.12056732177734e-05,"Julia"
"1362",5000,"inner(x, y)",1.09672546386719e-05,"Julia"
"1363",5000,"inner(x, y)",1.21593475341797e-05,"Julia"
"1364",5000,"inner(x, y)",1.00135803222656e-05,"Julia"
"1365",5000,"inner(x, y)",1.09672546386719e-05,"Julia"
"1366",5000,"inner(x, y)",1.09672546386719e-05,"Julia"
"1367",5000,"inner(x, y)",1.09672546386719e-05,"Julia"
"1368",5000,"inner(x, y)",1.09672546386719e-05,"Julia"
"1369",5000,"inner(x, y)",1.09672546386719e-05,"Julia"
"1370",5000,"inner(x, y)",1.09672546386719e-05,"Julia"
"1371",5000,"inner(x, y)",1.12056732177734e-05,"Julia"
"1372",5000,"inner(x, y)",1.12056732177734e-05,"Julia"
"1373",5000,"inner(x, y)",1.09672546386719e-05,"Julia"
"1374",5000,"inner(x, y)",1.19209289550781e-05,"Julia"
"1375",5000,"inner(x, y)",1.00135803222656e-05,"Julia"
"1376",5000,"inner(x, y)",1.09672546386719e-05,"Julia"
"1377",5000,"inner(x, y)",1.09672546386719e-05,"Julia"
"1378",5000,"inner(x, y)",1.09672546386719e-05,"Julia"
"1379",5000,"inner(x, y)",1.00135803222656e-05,"Julia"
"1380",5000,"inner(x, y)",1.09672546386719e-05,"Julia"
"1381",5000,"inner(x, y)",1.09672546386719e-05,"Julia"
"1382",5000,"inner(x, y)",1.09672546386719e-05,"Julia"
"1383",5000,"inner(x, y)",1.09672546386719e-05,"Julia"
"1384",5000,"inner(x, y)",1.09672546386719e-05,"Julia"
"1385",5000,"inner(x, y)",1.09672546386719e-05,"Julia"
"1386",5000,"inner(x, y)",1.09672546386719e-05,"Julia"
"1387",5000,"inner(x, y)",1.09672546386719e-05,"Julia"
"1388",5000,"inner(x, y)",1.09672546386719e-05,"Julia"
"1389",5000,"inner(x, y)",1.09672546386719e-05,"Julia"
"1390",5000,"inner(x, y)",1.09672546386719e-05,"Julia"
"1391",5000,"inner(x, y)",1.12056732177734e-05,"Julia"
"1392",5000,"inner(x, y)",1.09672546386719e-05,"Julia"
"1393",5000,"inner(x, y)",1.09672546386719e-05,"Julia"
"1394",5000,"inner(x, y)",1.09672546386719e-05,"Julia"
"1395",5000,"inner(x, y)",1.00135803222656e-05,"Julia"
"1396",5000,"inner(x, y)",1.00135803222656e-05,"Julia"
"1397",5000,"inner(x, y)",1.09672546386719e-05,"Julia"
"1398",5000,"inner(x, y)",1.09672546386719e-05,"Julia"
"1399",5000,"inner(x, y)",1.09672546386719e-05,"Julia"
"1400",10000,"inner(x, y)",2.19345092773438e-05,"Julia"
"1401",10000,"inner(x, y)",2.19345092773438e-05,"Julia"
"1402",10000,"inner(x, y)",2.288818359375e-05,"Julia"
"1403",10000,"inner(x, y)",5.29289245605469e-05,"Julia"
"1404",10000,"inner(x, y)",2.19345092773438e-05,"Julia"
"1405",10000,"inner(x, y)",2.09808349609375e-05,"Julia"
"1406",10000,"inner(x, y)",2.21729278564453e-05,"Julia"
"1407",10000,"inner(x, y)",2.09808349609375e-05,"Julia"
"1408",10000,"inner(x, y)",2.21729278564453e-05,"Julia"
"1409",10000,"inner(x, y)",2.19345092773438e-05,"Julia"
"1410",10000,"inner(x, y)",2.09808349609375e-05,"Julia"
"1411",10000,"inner(x, y)",2.31266021728516e-05,"Julia"
"1412",10000,"inner(x, y)",2.09808349609375e-05,"Julia"
"1413",10000,"inner(x, y)",2.21729278564453e-05,"Julia"
"1414",10000,"inner(x, y)",2.09808349609375e-05,"Julia"
"1415",10000,"inner(x, y)",2.21729278564453e-05,"Julia"
"1416",10000,"inner(x, y)",2.19345092773438e-05,"Julia"
"1417",10000,"inner(x, y)",2.21729278564453e-05,"Julia"
"1418",10000,"inner(x, y)",2.19345092773438e-05,"Julia"
"1419",10000,"inner(x, y)",2.288818359375e-05,"Julia"
"1420",10000,"inner(x, y)",2.19345092773438e-05,"Julia"
"1421",10000,"inner(x, y)",2.288818359375e-05,"Julia"
"1422",10000,"inner(x, y)",2.09808349609375e-05,"Julia"
"1423",10000,"inner(x, y)",2.19345092773438e-05,"Julia"
"1424",10000,"inner(x, y)",2.31266021728516e-05,"Julia"
"1425",10000,"inner(x, y)",2.19345092773438e-05,"Julia"
"1426",10000,"inner(x, y)",2.31266021728516e-05,"Julia"
"1427",10000,"inner(x, y)",2.09808349609375e-05,"Julia"
"1428",10000,"inner(x, y)",2.19345092773438e-05,"Julia"
"1429",10000,"inner(x, y)",2.288818359375e-05,"Julia"
"1430",10000,"inner(x, y)",2.09808349609375e-05,"Julia"
"1431",10000,"inner(x, y)",2.19345092773438e-05,"Julia"
"1432",10000,"inner(x, y)",2.21729278564453e-05,"Julia"
"1433",10000,"inner(x, y)",2.288818359375e-05,"Julia"
"1434",10000,"inner(x, y)",2.09808349609375e-05,"Julia"
"1435",10000,"inner(x, y)",2.19345092773438e-05,"Julia"
"1436",10000,"inner(x, y)",2.19345092773438e-05,"Julia"
"1437",10000,"inner(x, y)",2.19345092773438e-05,"Julia"
"1438",10000,"inner(x, y)",2.19345092773438e-05,"Julia"
"1439",10000,"inner(x, y)",2.19345092773438e-05,"Julia"
"1440",10000,"inner(x, y)",2.19345092773438e-05,"Julia"
"1441",10000,"inner(x, y)",2.19345092773438e-05,"Julia"
"1442",10000,"inner(x, y)",2.09808349609375e-05,"Julia"
"1443",10000,"inner(x, y)",2.19345092773438e-05,"Julia"
"1444",10000,"inner(x, y)",2.09808349609375e-05,"Julia"
"1445",10000,"inner(x, y)",2.19345092773438e-05,"Julia"
"1446",10000,"inner(x, y)",2.21729278564453e-05,"Julia"
"1447",10000,"inner(x, y)",2.19345092773438e-05,"Julia"
"1448",10000,"inner(x, y)",2.09808349609375e-05,"Julia"
"1449",10000,"inner(x, y)",2.09808349609375e-05,"Julia"
"1450",10000,"inner(x, y)",2.09808349609375e-05,"Julia"
"1451",10000,"inner(x, y)",2.19345092773438e-05,"Julia"
"1452",10000,"inner(x, y)",2.19345092773438e-05,"Julia"
"1453",10000,"inner(x, y)",2.19345092773438e-05,"Julia"
"1454",10000,"inner(x, y)",2.09808349609375e-05,"Julia"
"1455",10000,"inner(x, y)",2.09808349609375e-05,"Julia"
"1456",10000,"inner(x, y)",2.19345092773438e-05,"Julia"
"1457",10000,"inner(x, y)",2.288818359375e-05,"Julia"
"1458",10000,"inner(x, y)",2.19345092773438e-05,"Julia"
"1459",10000,"inner(x, y)",2.19345092773438e-05,"Julia"
"1460",10000,"inner(x, y)",2.09808349609375e-05,"Julia"
"1461",10000,"inner(x, y)",2.288818359375e-05,"Julia"
"1462",10000,"inner(x, y)",2.19345092773438e-05,"Julia"
"1463",10000,"inner(x, y)",2.19345092773438e-05,"Julia"
"1464",10000,"inner(x, y)",2.19345092773438e-05,"Julia"
"1465",10000,"inner(x, y)",2.19345092773438e-05,"Julia"
"1466",10000,"inner(x, y)",2.21729278564453e-05,"Julia"
"1467",10000,"inner(x, y)",2.19345092773438e-05,"Julia"
"1468",10000,"inner(x, y)",2.19345092773438e-05,"Julia"
"1469",10000,"inner(x, y)",2.21729278564453e-05,"Julia"
"1470",10000,"inner(x, y)",2.38418579101562e-05,"Julia"
"1471",10000,"inner(x, y)",2.19345092773438e-05,"Julia"
"1472",10000,"inner(x, y)",2.19345092773438e-05,"Julia"
"1473",10000,"inner(x, y)",2.19345092773438e-05,"Julia"
"1474",10000,"inner(x, y)",2.09808349609375e-05,"Julia"
"1475",10000,"inner(x, y)",2.19345092773438e-05,"Julia"
"1476",10000,"inner(x, y)",2.09808349609375e-05,"Julia"
"1477",10000,"inner(x, y)",2.21729278564453e-05,"Julia"
"1478",10000,"inner(x, y)",2.09808349609375e-05,"Julia"
"1479",10000,"inner(x, y)",2.09808349609375e-05,"Julia"
"1480",10000,"inner(x, y)",2.09808349609375e-05,"Julia"
"1481",10000,"inner(x, y)",2.19345092773438e-05,"Julia"
"1482",10000,"inner(x, y)",2.09808349609375e-05,"Julia"
"1483",10000,"inner(x, y)",2.19345092773438e-05,"Julia"
"1484",10000,"inner(x, y)",2.19345092773438e-05,"Julia"
"1485",10000,"inner(x, y)",2.19345092773438e-05,"Julia"
"1486",10000,"inner(x, y)",2.19345092773438e-05,"Julia"
"1487",10000,"inner(x, y)",2.21729278564453e-05,"Julia"
"1488",10000,"inner(x, y)",2.19345092773438e-05,"Julia"
"1489",10000,"inner(x, y)",2.19345092773438e-05,"Julia"
"1490",10000,"inner(x, y)",2.21729278564453e-05,"Julia"
"1491",10000,"inner(x, y)",2.21729278564453e-05,"Julia"
"1492",10000,"inner(x, y)",5.19752502441406e-05,"Julia"
"1493",10000,"inner(x, y)",2.19345092773438e-05,"Julia"
"1494",10000,"inner(x, y)",2.09808349609375e-05,"Julia"
"1495",10000,"inner(x, y)",2.09808349609375e-05,"Julia"
"1496",10000,"inner(x, y)",2.21729278564453e-05,"Julia"
"1497",10000,"inner(x, y)",2.09808349609375e-05,"Julia"
"1498",10000,"inner(x, y)",2.19345092773438e-05,"Julia"
"1499",10000,"inner(x, y)",2.09808349609375e-05,"Julia"
"1500",1e+05,"inner(x, y)",0.000359058380126953,"Julia"
"1501",1e+05,"inner(x, y)",0.00043797492980957,"Julia"
"1502",1e+05,"inner(x, y)",0.000355958938598633,"Julia"
"1503",1e+05,"inner(x, y)",0.000359058380126953,"Julia"
"1504",1e+05,"inner(x, y)",0.000349998474121094,"Julia"
"1505",1e+05,"inner(x, y)",0.000361919403076172,"Julia"
"1506",1e+05,"inner(x, y)",0.000355958938598633,"Julia"
"1507",1e+05,"inner(x, y)",0.000386953353881836,"Julia"
"1508",1e+05,"inner(x, y)",0.000345945358276367,"Julia"
"1509",1e+05,"inner(x, y)",0.000360012054443359,"Julia"
"1510",1e+05,"inner(x, y)",0.000359058380126953,"Julia"
"1511",1e+05,"inner(x, y)",0.000347137451171875,"Julia"
"1512",1e+05,"inner(x, y)",0.000360012054443359,"Julia"
"1513",1e+05,"inner(x, y)",0.000370025634765625,"Julia"
"1514",1e+05,"inner(x, y)",0.000358104705810547,"Julia"
"1515",1e+05,"inner(x, y)",0.000353813171386719,"Julia"
"1516",1e+05,"inner(x, y)",0.000353097915649414,"Julia"
"1517",1e+05,"inner(x, y)",0.000356197357177734,"Julia"
"1518",1e+05,"inner(x, y)",0.000357866287231445,"Julia"
"1519",1e+05,"inner(x, y)",0.000358819961547852,"Julia"
"1520",1e+05,"inner(x, y)",0.000355958938598633,"Julia"
"1521",1e+05,"inner(x, y)",0.000360012054443359,"Julia"
"1522",1e+05,"inner(x, y)",0.000351905822753906,"Julia"
"1523",1e+05,"inner(x, y)",0.000361204147338867,"Julia"
"1524",1e+05,"inner(x, y)",0.00035405158996582,"Julia"
"1525",1e+05,"inner(x, y)",0.000355958938598633,"Julia"
"1526",1e+05,"inner(x, y)",0.000356197357177734,"Julia"
"1527",1e+05,"inner(x, y)",0.000358104705810547,"Julia"
"1528",1e+05,"inner(x, y)",0.000383138656616211,"Julia"
"1529",1e+05,"inner(x, y)",0.000352144241333008,"Julia"
"1530",1e+05,"inner(x, y)",0.000351905822753906,"Julia"
"1531",1e+05,"inner(x, y)",0.000345945358276367,"Julia"
"1532",1e+05,"inner(x, y)",0.000401973724365234,"Julia"
"1533",1e+05,"inner(x, y)",0.00037693977355957,"Julia"
"1534",1e+05,"inner(x, y)",0.000355005264282227,"Julia"
"1535",1e+05,"inner(x, y)",0.000380992889404297,"Julia"
"1536",1e+05,"inner(x, y)",0.000365018844604492,"Julia"
"1537",1e+05,"inner(x, y)",0.000355958938598633,"Julia"
"1538",1e+05,"inner(x, y)",0.000351905822753906,"Julia"
"1539",1e+05,"inner(x, y)",0.00035405158996582,"Julia"
"1540",1e+05,"inner(x, y)",0.000347137451171875,"Julia"
"1541",1e+05,"inner(x, y)",0.000342845916748047,"Julia"
"1542",1e+05,"inner(x, y)",0.000359058380126953,"Julia"
"1543",1e+05,"inner(x, y)",0.000391006469726562,"Julia"
"1544",1e+05,"inner(x, y)",0.000362157821655273,"Julia"
"1545",1e+05,"inner(x, y)",0.000357151031494141,"Julia"
"1546",1e+05,"inner(x, y)",0.000348806381225586,"Julia"
"1547",1e+05,"inner(x, y)",0.00034785270690918,"Julia"
"1548",1e+05,"inner(x, y)",0.0003509521484375,"Julia"
"1549",1e+05,"inner(x, y)",0.000345945358276367,"Julia"
"1550",1e+05,"inner(x, y)",0.000375986099243164,"Julia"
"1551",1e+05,"inner(x, y)",0.000361919403076172,"Julia"
"1552",1e+05,"inner(x, y)",0.000356912612915039,"Julia"
"1553",1e+05,"inner(x, y)",0.000351905822753906,"Julia"
"1554",1e+05,"inner(x, y)",0.000355005264282227,"Julia"
"1555",1e+05,"inner(x, y)",0.000351905822753906,"Julia"
"1556",1e+05,"inner(x, y)",0.000370025634765625,"Julia"
"1557",1e+05,"inner(x, y)",0.000346899032592773,"Julia"
"1558",1e+05,"inner(x, y)",0.00035405158996582,"Julia"
"1559",1e+05,"inner(x, y)",0.000353097915649414,"Julia"
"1560",1e+05,"inner(x, y)",0.000371932983398438,"Julia"
"1561",1e+05,"inner(x, y)",0.000401973724365234,"Julia"
"1562",1e+05,"inner(x, y)",0.00038599967956543,"Julia"
"1563",1e+05,"inner(x, y)",0.000351905822753906,"Julia"
"1564",1e+05,"inner(x, y)",0.000348091125488281,"Julia"
"1565",1e+05,"inner(x, y)",0.000349998474121094,"Julia"
"1566",1e+05,"inner(x, y)",0.000352859497070312,"Julia"
"1567",1e+05,"inner(x, y)",0.000355958938598633,"Julia"
"1568",1e+05,"inner(x, y)",0.00035405158996582,"Julia"
"1569",1e+05,"inner(x, y)",0.000368833541870117,"Julia"
"1570",1e+05,"inner(x, y)",0.000355958938598633,"Julia"
"1571",1e+05,"inner(x, y)",0.000365972518920898,"Julia"
"1572",1e+05,"inner(x, y)",0.000359058380126953,"Julia"
"1573",1e+05,"inner(x, y)",0.000364065170288086,"Julia"
"1574",1e+05,"inner(x, y)",0.000349044799804688,"Julia"
"1575",1e+05,"inner(x, y)",0.000361204147338867,"Julia"
"1576",1e+05,"inner(x, y)",0.000352859497070312,"Julia"
"1577",1e+05,"inner(x, y)",0.000380039215087891,"Julia"
"1578",1e+05,"inner(x, y)",0.000348806381225586,"Julia"
"1579",1e+05,"inner(x, y)",0.000361919403076172,"Julia"
"1580",1e+05,"inner(x, y)",0.000357866287231445,"Julia"
"1581",1e+05,"inner(x, y)",0.000362873077392578,"Julia"
"1582",1e+05,"inner(x, y)",0.000353097915649414,"Julia"
"1583",1e+05,"inner(x, y)",0.000358104705810547,"Julia"
"1584",1e+05,"inner(x, y)",0.000370979309082031,"Julia"
"1585",1e+05,"inner(x, y)",0.000364065170288086,"Julia"
"1586",1e+05,"inner(x, y)",0.0003509521484375,"Julia"
"1587",1e+05,"inner(x, y)",0.000344038009643555,"Julia"
"1588",1e+05,"inner(x, y)",0.000387907028198242,"Julia"
"1589",1e+05,"inner(x, y)",0.000344991683959961,"Julia"
"1590",1e+05,"inner(x, y)",0.000355005264282227,"Julia"
"1591",1e+05,"inner(x, y)",0.000361204147338867,"Julia"
"1592",1e+05,"inner(x, y)",0.00036311149597168,"Julia"
"1593",1e+05,"inner(x, y)",0.000353813171386719,"Julia"
"1594",1e+05,"inner(x, y)",0.000365972518920898,"Julia"
"1595",1e+05,"inner(x, y)",0.00035405158996582,"Julia"
"1596",1e+05,"inner(x, y)",0.000360012054443359,"Julia"
"1597",1e+05,"inner(x, y)",0.000349044799804688,"Julia"
"1598",1e+05,"inner(x, y)",0.000355958938598633,"Julia"
"1599",1e+05,"inner(x, y)",0.00035405158996582,"Julia"
"1600",1e+06,"inner(x, y)",0.00307393074035645,"Julia"
"1601",1e+06,"inner(x, y)",0.00326204299926758,"Julia"
"1602",1e+06,"inner(x, y)",0.0030510425567627,"Julia"
"1603",1e+06,"inner(x, y)",0.00283694267272949,"Julia"
"1604",1e+06,"inner(x, y)",0.00292706489562988,"Julia"
"1605",1e+06,"inner(x, y)",0.00290584564208984,"Julia"
"1606",1e+06,"inner(x, y)",0.00287008285522461,"Julia"
"1607",1e+06,"inner(x, y)",0.00284290313720703,"Julia"
"1608",1e+06,"inner(x, y)",0.00288200378417969,"Julia"
"1609",1e+06,"inner(x, y)",0.00287508964538574,"Julia"
"1610",1e+06,"inner(x, y)",0.00288891792297363,"Julia"
"1611",1e+06,"inner(x, y)",0.00290894508361816,"Julia"
"1612",1e+06,"inner(x, y)",0.00297093391418457,"Julia"
"1613",1e+06,"inner(x, y)",0.00337886810302734,"Julia"
"1614",1e+06,"inner(x, y)",0.00290298461914062,"Julia"
"1615",1e+06,"inner(x, y)",0.00304794311523438,"Julia"
"1616",1e+06,"inner(x, y)",0.0028839111328125,"Julia"
"1617",1e+06,"inner(x, y)",0.00287604331970215,"Julia"
"1618",1e+06,"inner(x, y)",0.00298714637756348,"Julia"
"1619",1e+06,"inner(x, y)",0.00283694267272949,"Julia"
"1620",1e+06,"inner(x, y)",0.00288820266723633,"Julia"
"1621",1e+06,"inner(x, y)",0.00298619270324707,"Julia"
"1622",1e+06,"inner(x, y)",0.0028541088104248,"Julia"
"1623",1e+06,"inner(x, y)",0.00289583206176758,"Julia"
"1624",1e+06,"inner(x, y)",0.00288510322570801,"Julia"
"1625",1e+06,"inner(x, y)",0.00284504890441895,"Julia"
"1626",1e+06,"inner(x, y)",0.00304388999938965,"Julia"
"1627",1e+06,"inner(x, y)",0.00287914276123047,"Julia"
"1628",1e+06,"inner(x, y)",0.00335693359375,"Julia"
"1629",1e+06,"inner(x, y)",0.00302004814147949,"Julia"
"1630",1e+06,"inner(x, y)",0.00289416313171387,"Julia"
"1631",1e+06,"inner(x, y)",0.00283694267272949,"Julia"
"1632",1e+06,"inner(x, y)",0.00288581848144531,"Julia"
"1633",1e+06,"inner(x, y)",0.00287103652954102,"Julia"
"1634",1e+06,"inner(x, y)",0.0029451847076416,"Julia"
"1635",1e+06,"inner(x, y)",0.00289392471313477,"Julia"
"1636",1e+06,"inner(x, y)",0.00288987159729004,"Julia"
"1637",1e+06,"inner(x, y)",0.00285005569458008,"Julia"
"1638",1e+06,"inner(x, y)",0.0028989315032959,"Julia"
"1639",1e+06,"inner(x, y)",0.00288009643554688,"Julia"
"1640",1e+06,"inner(x, y)",0.00290012359619141,"Julia"
"1641",1e+06,"inner(x, y)",0.00288581848144531,"Julia"
"1642",1e+06,"inner(x, y)",0.00302505493164062,"Julia"
"1643",1e+06,"inner(x, y)",0.00285601615905762,"Julia"
"1644",1e+06,"inner(x, y)",0.00288915634155273,"Julia"
"1645",1e+06,"inner(x, y)",0.0029301643371582,"Julia"
"1646",1e+06,"inner(x, y)",0.00288009643554688,"Julia"
"1647",1e+06,"inner(x, y)",0.00287985801696777,"Julia"
"1648",1e+06,"inner(x, y)",0.00311899185180664,"Julia"
"1649",1e+06,"inner(x, y)",0.00284981727600098,"Julia"
"1650",1e+06,"inner(x, y)",0.00301003456115723,"Julia"
"1651",1e+06,"inner(x, y)",0.00287604331970215,"Julia"
"1652",1e+06,"inner(x, y)",0.00290203094482422,"Julia"
"1653",1e+06,"inner(x, y)",0.00310492515563965,"Julia"
"1654",1e+06,"inner(x, y)",0.00296187400817871,"Julia"
"1655",1e+06,"inner(x, y)",0.00285601615905762,"Julia"
"1656",1e+06,"inner(x, y)",0.00287294387817383,"Julia"
"1657",1e+06,"inner(x, y)",0.00288105010986328,"Julia"
"1658",1e+06,"inner(x, y)",0.0028538703918457,"Julia"
"1659",1e+06,"inner(x, y)",0.00297713279724121,"Julia"
"1660",1e+06,"inner(x, y)",0.00288176536560059,"Julia"
"1661",1e+06,"inner(x, y)",0.00285005569458008,"Julia"
"1662",1e+06,"inner(x, y)",0.00289106369018555,"Julia"
"1663",1e+06,"inner(x, y)",0.00287699699401855,"Julia"
"1664",1e+06,"inner(x, y)",0.00285887718200684,"Julia"
"1665",1e+06,"inner(x, y)",0.00289297103881836,"Julia"
"1666",1e+06,"inner(x, y)",0.00287389755249023,"Julia"
"1667",1e+06,"inner(x, y)",0.0028679370880127,"Julia"
"1668",1e+06,"inner(x, y)",0.00288605690002441,"Julia"
"1669",1e+06,"inner(x, y)",0.00293397903442383,"Julia"
"1670",1e+06,"inner(x, y)",0.00287389755249023,"Julia"
"1671",1e+06,"inner(x, y)",0.00288105010986328,"Julia"
"1672",1e+06,"inner(x, y)",0.00287699699401855,"Julia"
"1673",1e+06,"inner(x, y)",0.00284004211425781,"Julia"
"1674",1e+06,"inner(x, y)",0.00302290916442871,"Julia"
"1675",1e+06,"inner(x, y)",0.00287818908691406,"Julia"
"1676",1e+06,"inner(x, y)",0.00285983085632324,"Julia"
"1677",1e+06,"inner(x, y)",0.00291013717651367,"Julia"
"1678",1e+06,"inner(x, y)",0.00288796424865723,"Julia"
"1679",1e+06,"inner(x, y)",0.00285720825195312,"Julia"
"1680",1e+06,"inner(x, y)",0.00288701057434082,"Julia"
"1681",1e+06,"inner(x, y)",0.00290417671203613,"Julia"
"1682",1e+06,"inner(x, y)",0.00306797027587891,"Julia"
"1683",1e+06,"inner(x, y)",0.00288295745849609,"Julia"
"1684",1e+06,"inner(x, y)",0.00288200378417969,"Julia"
"1685",1e+06,"inner(x, y)",0.00285196304321289,"Julia"
"1686",1e+06,"inner(x, y)",0.00287914276123047,"Julia"
"1687",1e+06,"inner(x, y)",0.00304293632507324,"Julia"
"1688",1e+06,"inner(x, y)",0.0028691291809082,"Julia"
"1689",1e+06,"inner(x, y)",0.00288510322570801,"Julia"
"1690",1e+06,"inner(x, y)",0.00293397903442383,"Julia"
"1691",1e+06,"inner(x, y)",0.00285792350769043,"Julia"
"1692",1e+06,"inner(x, y)",0.0028839111328125,"Julia"
"1693",1e+06,"inner(x, y)",0.00305294990539551,"Julia"
"1694",1e+06,"inner(x, y)",0.00285792350769043,"Julia"
"1695",1e+06,"inner(x, y)",0.0028839111328125,"Julia"
"1696",1e+06,"inner(x, y)",0.00287795066833496,"Julia"
"1697",1e+06,"inner(x, y)",0.00286197662353516,"Julia"
"1698",1e+06,"inner(x, y)",0.00313711166381836,"Julia"
"1699",1e+06,"inner(x, y)",0.00288200378417969,"Julia"
"1700",1e+07,"inner(x, y)",0.0272290706634521,"Julia"
"1701",1e+07,"inner(x, y)",0.0385050773620605,"Julia"
"1702",1e+07,"inner(x, y)",0.027475118637085,"Julia"
"1703",1e+07,"inner(x, y)",0.0505051612854004,"Julia"
"1704",1e+07,"inner(x, y)",0.049767017364502,"Julia"
"1705",1e+07,"inner(x, y)",0.0495641231536865,"Julia"
"1706",1e+07,"inner(x, y)",0.0606560707092285,"Julia"
"1707",1e+07,"inner(x, y)",0.0495328903198242,"Julia"
"1708",1e+07,"inner(x, y)",0.0497219562530518,"Julia"
"1709",1e+07,"inner(x, y)",0.0602881908416748,"Julia"
"1710",1e+07,"inner(x, y)",0.0498991012573242,"Julia"
"1711",1e+07,"inner(x, y)",0.0496261119842529,"Julia"
"1712",1e+07,"inner(x, y)",0.0605649948120117,"Julia"
"1713",1e+07,"inner(x, y)",0.0494730472564697,"Julia"
"1714",1e+07,"inner(x, y)",0.0496180057525635,"Julia"
"1715",1e+07,"inner(x, y)",0.0606849193572998,"Julia"
"1716",1e+07,"inner(x, y)",0.049882173538208,"Julia"
"1717",1e+07,"inner(x, y)",0.0497448444366455,"Julia"
"1718",1e+07,"inner(x, y)",0.0610580444335938,"Julia"
"1719",1e+07,"inner(x, y)",0.0496320724487305,"Julia"
"1720",1e+07,"inner(x, y)",0.04994797706604,"Julia"
"1721",1e+07,"inner(x, y)",0.061100959777832,"Julia"
"1722",1e+07,"inner(x, y)",0.0496790409088135,"Julia"
"1723",1e+07,"inner(x, y)",0.0496349334716797,"Julia"
"1724",1e+07,"inner(x, y)",0.0608580112457275,"Julia"
"1725",1e+07,"inner(x, y)",0.0494451522827148,"Julia"
"1726",1e+07,"inner(x, y)",0.0497889518737793,"Julia"
"1727",1e+07,"inner(x, y)",0.0608479976654053,"Julia"
"1728",1e+07,"inner(x, y)",0.0496189594268799,"Julia"
"1729",1e+07,"inner(x, y)",0.0495328903198242,"Julia"
"1730",1e+07,"inner(x, y)",0.0609040260314941,"Julia"
"1731",1e+07,"inner(x, y)",0.0494058132171631,"Julia"
"1732",1e+07,"inner(x, y)",0.0496881008148193,"Julia"
"1733",1e+07,"inner(x, y)",0.0606570243835449,"Julia"
"1734",1e+07,"inner(x, y)",0.0497889518737793,"Julia"
"1735",1e+07,"inner(x, y)",0.049544095993042,"Julia"
"1736",1e+07,"inner(x, y)",0.0608711242675781,"Julia"
"1737",1e+07,"inner(x, y)",0.0496218204498291,"Julia"
"1738",1e+07,"inner(x, y)",0.0500252246856689,"Julia"
"1739",1e+07,"inner(x, y)",0.0607800483703613,"Julia"
"1740",1e+07,"inner(x, y)",0.0500490665435791,"Julia"
"1741",1e+07,"inner(x, y)",0.0496318340301514,"Julia"
"1742",1e+07,"inner(x, y)",0.0606749057769775,"Julia"
"1743",1e+07,"inner(x, y)",0.0497591495513916,"Julia"
"1744",1e+07,"inner(x, y)",0.0496320724487305,"Julia"
"1745",1e+07,"inner(x, y)",0.061506986618042,"Julia"
"1746",1e+07,"inner(x, y)",0.0496997833251953,"Julia"
"1747",1e+07,"inner(x, y)",0.0495500564575195,"Julia"
"1748",1e+07,"inner(x, y)",0.0607261657714844,"Julia"
"1749",1e+07,"inner(x, y)",0.0494880676269531,"Julia"
"1750",1e+07,"inner(x, y)",0.0496561527252197,"Julia"
"1751",1e+07,"inner(x, y)",0.0606961250305176,"Julia"
"1752",1e+07,"inner(x, y)",0.0500857830047607,"Julia"
"1753",1e+07,"inner(x, y)",0.0494780540466309,"Julia"
"1754",1e+07,"inner(x, y)",0.0610561370849609,"Julia"
"1755",1e+07,"inner(x, y)",0.0493669509887695,"Julia"
"1756",1e+07,"inner(x, y)",0.0496799945831299,"Julia"
"1757",1e+07,"inner(x, y)",0.0606920719146729,"Julia"
"1758",1e+07,"inner(x, y)",0.0495979785919189,"Julia"
"1759",1e+07,"inner(x, y)",0.0496029853820801,"Julia"
"1760",1e+07,"inner(x, y)",0.0609269142150879,"Julia"
"1761",1e+07,"inner(x, y)",0.0494639873504639,"Julia"
"1762",1e+07,"inner(x, y)",0.0496771335601807,"Julia"
"1763",1e+07,"inner(x, y)",0.0607099533081055,"Julia"
"1764",1e+07,"inner(x, y)",0.0496790409088135,"Julia"
"1765",1e+07,"inner(x, y)",0.0498080253601074,"Julia"
"1766",1e+07,"inner(x, y)",0.0609531402587891,"Julia"
"1767",1e+07,"inner(x, y)",0.0495009422302246,"Julia"
"1768",1e+07,"inner(x, y)",0.049699068069458,"Julia"
"1769",1e+07,"inner(x, y)",0.0607590675354004,"Julia"
"1770",1e+07,"inner(x, y)",0.0504419803619385,"Julia"
"1771",1e+07,"inner(x, y)",0.0497510433197021,"Julia"
"1772",1e+07,"inner(x, y)",0.0607271194458008,"Julia"
"1773",1e+07,"inner(x, y)",0.0497109889984131,"Julia"
"1774",1e+07,"inner(x, y)",0.0497949123382568,"Julia"
"1775",1e+07,"inner(x, y)",0.0608270168304443,"Julia"
"1776",1e+07,"inner(x, y)",0.0498628616333008,"Julia"
"1777",1e+07,"inner(x, y)",0.049476146697998,"Julia"
"1778",1e+07,"inner(x, y)",0.0608410835266113,"Julia"
"1779",1e+07,"inner(x, y)",0.0494170188903809,"Julia"
"1780",1e+07,"inner(x, y)",0.0496070384979248,"Julia"
"1781",1e+07,"inner(x, y)",0.0605571269989014,"Julia"
"1782",1e+07,"inner(x, y)",0.0497541427612305,"Julia"
"1783",1e+07,"inner(x, y)",0.049522876739502,"Julia"
"1784",1e+07,"inner(x, y)",0.0605959892272949,"Julia"
"1785",1e+07,"inner(x, y)",0.049440860748291,"Julia"
"1786",1e+07,"inner(x, y)",0.0495429039001465,"Julia"
"1787",1e+07,"inner(x, y)",0.0609331130981445,"Julia"
"1788",1e+07,"inner(x, y)",0.0498080253601074,"Julia"
"1789",1e+07,"inner(x, y)",0.0496110916137695,"Julia"
"1790",1e+07,"inner(x, y)",0.0609128475189209,"Julia"
"1791",1e+07,"inner(x, y)",0.049407958984375,"Julia"
"1792",1e+07,"inner(x, y)",0.0499131679534912,"Julia"
"1793",1e+07,"inner(x, y)",0.0611391067504883,"Julia"
"1794",1e+07,"inner(x, y)",0.0499989986419678,"Julia"
"1795",1e+07,"inner(x, y)",0.0500109195709229,"Julia"
"1796",1e+07,"inner(x, y)",0.0612092018127441,"Julia"
"1797",1e+07,"inner(x, y)",0.0495920181274414,"Julia"
"1798",1e+07,"inner(x, y)",0.049828052520752,"Julia"
"1799",1e+07,"inner(x, y)",0.0609049797058105,"Julia"
